--------------------------------------------------------
--  File created - пятница-Апрель-21-2017   
--------------------------------------------------------
--------------------------------------------------------
--  DDL for Table CCI_CLIENT
--------------------------------------------------------

  CREATE TABLE "CCI_CLIENT" ("ID" NUMBER, "NAME" VARCHAR2(200), "CITY" VARCHAR2(200), "STREET" VARCHAR2(200), "CINDEX" VARCHAR2(200), "OFFICE" VARCHAR2(200), "BUILDING" VARCHAR2(200), "PHONE" VARCHAR2(50), "CELL" VARCHAR2(50), "UNP" VARCHAR2(30), "OKPO" VARCHAR2(30), "BNAME" VARCHAR2(200), "BCITY" VARCHAR2(200), "BSTREET" VARCHAR2(200), "BINDEX" VARCHAR2(20), "BOFFICE" VARCHAR2(20), "BBUILDING" VARCHAR2(20), "ACCOUNT" VARCHAR2(50), "BUNP" VARCHAR2(50), "EMAIL" VARCHAR2(80), "BEMAIL" VARCHAR2(20), "CODECOUNTRY" VARCHAR2(20), "BCODECOUNTRY" VARCHAR2(20), "ADDRESS" VARCHAR2(512), "VERSION" NUMBER DEFAULT 0, "LOCKED" NUMBER(1,0) DEFAULT 0, "FAX" VARCHAR2(50))
--------------------------------------------------------
--  DDL for Table CCI_CLIENT_LOCALE
--------------------------------------------------------

  CREATE TABLE "CCI_CLIENT_LOCALE" ("IDCLIENT" NUMBER, "NAME" VARCHAR2(1000), "STREET" VARCHAR2(1000), "CITY" VARCHAR2(100), "ADDRESS" VARCHAR2(1000), "LOCALE" VARCHAR2(2))
--------------------------------------------------------
--  DDL for Table CCI_DEPARTMENT
--------------------------------------------------------

  CREATE TABLE "CCI_DEPARTMENT" ("ID_PARENT" NUMBER, "NAME" VARCHAR2(200), "CODE" VARCHAR2(20), "ID_OTD" NUMBER, "ID" NUMBER GENERATED ALWAYS AS IDENTITY MINVALUE 1 MAXVALUE 9999999999999999999999999999 INCREMENT BY 1 START WITH 1 CACHE 20 NOORDER  NOCYCLE )
--------------------------------------------------------
--  DDL for Table CCI_EMPLOYEE
--------------------------------------------------------

  CREATE TABLE "CCI_EMPLOYEE" ("ID" NUMBER GENERATED BY DEFAULT ON NULL AS IDENTITY MINVALUE 1 MAXVALUE 9999999999999999999999999999 INCREMENT BY 1 START WITH 1 CACHE 20 NOORDER  NOCYCLE , "NAME" VARCHAR2(120), "JOB" VARCHAR2(120), "ID_DEPARTMENT" NUMBER, "FIRSTNAME" VARCHAR2(50), "LASTNAME" VARCHAR2(50), "MIDDLENAME" VARCHAR2(50), "PHONE" VARCHAR2(20), "EMAIL" VARCHAR2(20), "BDAY" DATE, "ACTIVE" CHAR(1) DEFAULT 'Y', "VERSION" NUMBER DEFAULT 1)
--------------------------------------------------------
--  DDL for Table CCI_EMPLOYEE_LOCALE
--------------------------------------------------------

  CREATE TABLE "CCI_EMPLOYEE_LOCALE" ("IDEMPLOYEE" NUMBER, "LOCALE" VARCHAR2(2), "NAME" VARCHAR2(200), "JOB" VARCHAR2(200))
--------------------------------------------------------
--  DDL for Table FS_BLANK
--------------------------------------------------------

  CREATE TABLE "FS_BLANK" ("ID" NUMBER GENERATED BY DEFAULT ON NULL AS IDENTITY MINVALUE 1 MAXVALUE 9999999999999999999999999999 INCREMENT BY 1 START WITH 1 CACHE 20 NOORDER  NOCYCLE , "ID_FSCERT" NUMBER, "PAGE" NUMBER, "BLANKNUMBER" VARCHAR2(20))
--------------------------------------------------------
--  DDL for Table FS_BLANK_DENORM
--------------------------------------------------------

  CREATE TABLE "FS_BLANK_DENORM" ("ID_FSCERT" NUMBER, "BLANKNUMBERS" VARCHAR2(1024))
--------------------------------------------------------
--  DDL for Table FS_BRANCH
--------------------------------------------------------

  CREATE TABLE "FS_BRANCH" ("ID" NUMBER GENERATED BY DEFAULT ON NULL AS IDENTITY MINVALUE 1 MAXVALUE 9999999999999999999999999999 INCREMENT BY 1 START WITH 1 CACHE 20 NOORDER  NOCYCLE , "NAME" VARCHAR2(2000), "CITY" VARCHAR2(200), "STREET" VARCHAR2(200), "CINDEX" VARCHAR2(200), "OFFICE" VARCHAR2(200), "BUILDING" VARCHAR2(200), "PHONE" VARCHAR2(50), "CELL" VARCHAR2(50), "UNP" VARCHAR2(30), "OKPO" VARCHAR2(30), "BNAME" VARCHAR2(2000), "BCITY" VARCHAR2(200), "BSTREET" VARCHAR2(200), "BINDEX" VARCHAR2(20), "BOFFICE" VARCHAR2(20), "BBUILDING" VARCHAR2(20), "ACCOUNT" VARCHAR2(50), "BUNP" VARCHAR2(50), "EMAIL" VARCHAR2(80), "BEMAIL" VARCHAR2(20), "CODECOUNTRY" VARCHAR2(20), "BCODECOUNTRY" VARCHAR2(20), "ADDRESS" VARCHAR2(512), "VERSION" NUMBER DEFAULT 0, "LOCKED" NUMBER(1,0) DEFAULT 0, "FAX" VARCHAR2(50), "CODE" VARCHAR2(1))
--------------------------------------------------------
--  DDL for Table FS_BRANCH_LOCALE
--------------------------------------------------------

  CREATE TABLE "FS_BRANCH_LOCALE" ("IDBRANCH" NUMBER, "LOCALE" VARCHAR2(2), "NAME" VARCHAR2(1000), "CITY" VARCHAR2(120), "STREET" VARCHAR2(120), "ADDRESS" VARCHAR2(1000))
--------------------------------------------------------
--  DDL for Table FS_CERT
--------------------------------------------------------

  CREATE TABLE "FS_CERT" ("ID" NUMBER GENERATED BY DEFAULT ON NULL AS IDENTITY MINVALUE 1 MAXVALUE 9999999999999999999999999999 INCREMENT BY 1 START WITH 1 CACHE 20 NOORDER  NOCYCLE , "CERTNUMBER" VARCHAR2(20), "PARENTNUMBER" VARCHAR2(20), "DATEISSUE" DATE, "DATEEXPIRY" DATE, "CONFIRMATION" VARCHAR2(2000), "DECLARATION" VARCHAR2(2000), "ID_BRANCH" NUMBER, "ID_EXPORTER" NUMBER, "ID_PRODUCER" NUMBER, "ID_EXPERT" NUMBER, "ID_SIGNER" NUMBER, "DATECERT" DATE, "CODECOUNTRYTARGET" VARCHAR2(3), "OTD_ID" NUMBER, "LISTSCOUNT" NUMBER, "LANGUAGE" VARCHAR2(2) DEFAULT 'RU', "IDDEPARTMENT" NUMBER)
--------------------------------------------------------
--  DDL for Table FS_PRODUCT
--------------------------------------------------------

  CREATE TABLE "FS_PRODUCT" ("ID" NUMBER GENERATED BY DEFAULT ON NULL AS IDENTITY MINVALUE 1 MAXVALUE 9999999999999999999999999999 INCREMENT BY 1 START WITH 1 CACHE 20 NOORDER  NOCYCLE , "ID_FSCERT" NUMBER, "NUMERATOR" NUMBER, "TOVAR" VARCHAR2(2000))
--------------------------------------------------------
--  DDL for Table FS_PRODUCT_DENORM
--------------------------------------------------------

  CREATE TABLE "FS_PRODUCT_DENORM" ("ID_FSCERT" NUMBER, "TOVARS" CLOB)
--------------------------------------------------------
--  DDL for Table FS_TEMPLATE
--------------------------------------------------------

  CREATE TABLE "FS_TEMPLATE" ("KEY" VARCHAR2(50), "TEXT" VARCHAR2(2024), "ID" NUMBER)
--------------------------------------------------------
--  DDL for Table FS_TEMPLATE_LOCALE
--------------------------------------------------------

  CREATE TABLE "FS_TEMPLATE_LOCALE" ("IDKEY" NUMBER, "LOCALE" VARCHAR2(2), "TEXT" VARCHAR2(2000))
--------------------------------------------------------
--  DDL for View FSCERTVIEWEXPORT
--------------------------------------------------------

  CREATE OR REPLACE EDITIONABLE VIEW "FSCERTVIEWEXPORT" ("ID", "CERTNUMBER", "PARENTNUMBER", "DATEISSUE", "DATEEXPIRY", "CONFIRMATION", "DECLARATION", "ID_BRANCH", "ID_EXPORTER", "ID_PRODUCER", "ID_EXPERT", "ID_SIGNER", "DATECERT", "CODECOUNTRYTARGET", "OTD_ID", "LISTSCOUNT", "BRANCHNAME", "BRANCHADDRESS", "EXPORTERNAME", "EXPORTERADDRESS", "PRODUCERNAME", "PRODUCERADDRESS", "EXPERTNAME", "SIGNERNAME", "JOB", "COUNTRYNAME", "TOVARS", "BLANKNUMBERS") AS SELECT a."ID",a."CERTNUMBER",a."PARENTNUMBER",a."DATEISSUE",a."DATEEXPIRY",a."CONFIRMATION",a."DECLARATION",a."ID_BRANCH",a."ID_EXPORTER",a."ID_PRODUCER",a."ID_EXPERT",a."ID_SIGNER",a."DATECERT",a."CODECOUNTRYTARGET",a."OTD_ID",a."LISTSCOUNT",a."BRANCHNAME",a."BRANCHADDRESS",a."EXPORTERNAME",a."EXPORTERADDRESS",a."PRODUCERNAME",a."PRODUCERADDRESS",a."EXPERTNAME",a."SIGNERNAME",a."JOB",a."COUNTRYNAME", b.tovars tovars, c.blanknumbers blanknumbers from FSCERTVIEW a
left join fs_product_denorm b on a.id = b.id_fscert
left join fs_blank_denorm c on a.id = c.id_fscert
--------------------------------------------------------
--  DDL for View FSCERTVIEW
--------------------------------------------------------

  CREATE OR REPLACE EDITIONABLE VIEW "FSCERTVIEW" ("ID", "CERTNUMBER", "PARENTNUMBER", "DATEISSUE", "DATEEXPIRY", "CONFIRMATION", "DECLARATION", "ID_BRANCH", "ID_EXPORTER", "ID_PRODUCER", "ID_EXPERT", "ID_SIGNER", "DATECERT", "CODECOUNTRYTARGET", "OTD_ID", "LISTSCOUNT", "LANGUAGE", "IDDEPARTMENT", "BRANCHNAME", "BRANCHADDRESS", "EXPORTERNAME", "EXPORTERADDRESS", "PRODUCERNAME", "PRODUCERADDRESS", "EXPERTNAME", "SIGNERNAME", "JOB", "COUNTRYNAME") AS select a."ID",a."CERTNUMBER",a."PARENTNUMBER",a."DATEISSUE",a."DATEEXPIRY",
a."CONFIRMATION",a."DECLARATION",a."ID_BRANCH",a."ID_EXPORTER",
a."ID_PRODUCER",a."ID_EXPERT",a."ID_SIGNER",a."DATECERT",a."CODECOUNTRYTARGET",
a."OTD_ID",a."LISTSCOUNT", a."LANGUAGE", a."IDDEPARTMENT",
b.name branchname, b.address branchaddress,  
c.name exportername, c.address exporteraddress,  
d.name producername, d.address produceraddress,  
e.name expertname, f.name signername, f.job job, g.name countryname
from fs_cert a
left join fs_branch b on a.ID_BRANCH = b.id
left join cci_client c on a.ID_EXPORTER = c.id
left join cci_client d on a.ID_Producer = d.id
left join cci_employee e on a.ID_EXPERT = e.id
left join cci_employee f on a.ID_SIGNER = f.id
left join c_country g on a.codecountrytarget = g.code
--------------------------------------------------------
--  DDL for View EMPLOYEE_VIEW
--------------------------------------------------------

  CREATE OR REPLACE EDITIONABLE VIEW "EMPLOYEE_VIEW" ("ID", "NAME", "JOB", "ID_DEPARTMENT", "FIRSTNAME", "LASTNAME", "MIDDLENAME", "PHONE", "EMAIL", "BDAY", "ACTIVE", "VERSION", "DEPARTMENTNAME", "OTD_NAME", "ID_OTD", "DEPARTMENTCODE", "CODE_OTD") AS select a."ID",a."NAME",a."JOB",a."ID_DEPARTMENT",a."FIRSTNAME",a."LASTNAME",a."MIDDLENAME",a."PHONE",a."EMAIL",a."BDAY",a."ACTIVE", a."VERSION", d.name departmentname, d.otd_name, d.id_otd, d.code departmentcode, d.code_otd code_otd from cci_employee a left join 
(select b.*, c.otd_name from department_view b left join c_otd c on b.id_otd = c.id) d on a.id_department = d.id
--------------------------------------------------------
--  DDL for View DEPARTMENT_VIEW
--------------------------------------------------------

  CREATE OR REPLACE EDITIONABLE VIEW "DEPARTMENT_VIEW" ("ID", "ID_PARENT", "NAME", "CODE", "ID_OTD", "CODE_OTD") AS SELECT a."ID",a."ID_PARENT",a."NAME",a."CODE",a."ID_OTD", b.code code_otd from CCI_DEPARTMENT a left join C_OTD b on a.id_otd=b.id
--------------------------------------------------------
--  DDL for View CLIENT_VIEW
--------------------------------------------------------

  CREATE OR REPLACE EDITIONABLE VIEW "CLIENT_VIEW" ("ID", "NAME", "CITY", "STREET", "CINDEX", "OFFICE", "BUILDING", "PHONE", "CELL", "FAX", "UNP", "OKPO", "BNAME", "BCITY", "BSTREET", "BINDEX", "BOFFICE", "BBUILDING", "ACCOUNT", "BUNP", "EMAIL", "BEMAIL", "CODECOUNTRY", "BCODECOUNTRY", "ADDRESS", "VERSION", "LOCKED", "COUNTRY", "BCOUNTRY") AS SELECT  cl."ID",cl."NAME", cl."CITY",cl."STREET",cl."CINDEX",cl."OFFICE",cl."BUILDING",cl."PHONE",cl."CELL", cl."FAX", cl."UNP",cl."OKPO",cl."BNAME",cl."BCITY",cl."BSTREET",cl."BINDEX",cl."BOFFICE",cl."BBUILDING",cl."ACCOUNT",cl."BUNP",cl."EMAIL",cl."BEMAIL",cl."CODECOUNTRY",cl."BCODECOUNTRY", cl."ADDRESS", cl."VERSION", cl."LOCKED", cc.name as country, cb.name as bcountry  
FROM CCI_CLIENT cl 
LEFT JOIN C_COUNTRY cc ON cl.codecountry = cc.code 
LEFT JOIN C_COUNTRY cb ON cl.bcodecountry = cb.code
REM INSERTING into CCI_CLIENT
SET DEFINE OFF;
Insert into CCI_CLIENT (ID,NAME,CITY,STREET,CINDEX,OFFICE,BUILDING,PHONE,CELL,UNP,OKPO,BNAME,BCITY,BSTREET,BINDEX,BOFFICE,BBUILDING,ACCOUNT,BUNP,EMAIL,BEMAIL,CODECOUNTRY,BCODECOUNTRY,ADDRESS,VERSION,LOCKED,FAX) values (22,'Парус','Пинск','Ленина','120056',null,'12',null,null,'123456','1111111','ПРиорбанк',null,null,null,null,null,null,null,null,null,'BY','AU','120056, Пинск, Ленина, 12',0,0,null);
Insert into CCI_CLIENT (ID,NAME,CITY,STREET,CINDEX,OFFICE,BUILDING,PHONE,CELL,UNP,OKPO,BNAME,BCITY,BSTREET,BINDEX,BOFFICE,BBUILDING,ACCOUNT,BUNP,EMAIL,BEMAIL,CODECOUNTRY,BCODECOUNTRY,ADDRESS,VERSION,LOCKED,FAX) values (23,'Новый Ветер','Пинск','Солтыса','220056','44','67','234556','66666','6543218888','hhhh','Беларусьбанк','МИнск','Семенова','2222',null,null,'11111',null,'veter@tut.by',null,'BY','AU','220056, Пинск, Солтыса, 67',17,0,null);
Insert into CCI_CLIENT (ID,NAME,CITY,STREET,CINDEX,OFFICE,BUILDING,PHONE,CELL,UNP,OKPO,BNAME,BCITY,BSTREET,BINDEX,BOFFICE,BBUILDING,ACCOUNT,BUNP,EMAIL,BEMAIL,CODECOUNTRY,BCODECOUNTRY,ADDRESS,VERSION,LOCKED,FAX) values (24,'Ураган','Минск','Победы','226789',null,'78','2 34 56 12',null,'123456789',null,'ПРиорбанк',null,null,null,null,null,'1234566778890',null,'eee@rrr.by',null,'BY','BY','226789, Минск, Победы, 78',0,0,null);
Insert into CCI_CLIENT (ID,NAME,CITY,STREET,CINDEX,OFFICE,BUILDING,PHONE,CELL,UNP,OKPO,BNAME,BCITY,BSTREET,BINDEX,BOFFICE,BBUILDING,ACCOUNT,BUNP,EMAIL,BEMAIL,CODECOUNTRY,BCODECOUNTRY,ADDRESS,VERSION,LOCKED,FAX) values (25,'Каравелла','МИнск','Гая','220015',null,'45','2 456789','333333','121212333',null,'ПРиорбанк',null,null,null,null,null,'5555555',null,'уууу',null,'AU','BY','220015, МИнск, Гая, 45',11,0,null);
Insert into CCI_CLIENT (ID,NAME,CITY,STREET,CINDEX,OFFICE,BUILDING,PHONE,CELL,UNP,OKPO,BNAME,BCITY,BSTREET,BINDEX,BOFFICE,BBUILDING,ACCOUNT,BUNP,EMAIL,BEMAIL,CODECOUNTRY,BCODECOUNTRY,ADDRESS,VERSION,LOCKED,FAX) values (43,'Простор','Минск','Радужная','221122',null,'12','1234567',null,'12345678',null,'Беларусбанк',null,null,null,null,null,'1111222222',null,null,null,'BY','BE','221122, Минск, Радужная, 12',0,0,null);
Insert into CCI_CLIENT (ID,NAME,CITY,STREET,CINDEX,OFFICE,BUILDING,PHONE,CELL,UNP,OKPO,BNAME,BCITY,BSTREET,BINDEX,BOFFICE,BBUILDING,ACCOUNT,BUNP,EMAIL,BEMAIL,CODECOUNTRY,BCODECOUNTRY,ADDRESS,VERSION,LOCKED,FAX) values (42,'Линкор','Минск','Кнорина','220089','34','12',null,null,'123456789',null,'БПС',null,null,null,null,null,null,null,null,null,'BY','BY','220089, Минск, Кнорина, 12, Республика Беларусь',3,0,null);
Insert into CCI_CLIENT (ID,NAME,CITY,STREET,CINDEX,OFFICE,BUILDING,PHONE,CELL,UNP,OKPO,BNAME,BCITY,BSTREET,BINDEX,BOFFICE,BBUILDING,ACCOUNT,BUNP,EMAIL,BEMAIL,CODECOUNTRY,BCODECOUNTRY,ADDRESS,VERSION,LOCKED,FAX) values (212,'Фирма 7','Минск','Голубева','5555555',null,'23','234567','29 456777','2333333','33333','Беларусьбанк','Минск','Свердлова','234444','3','24','1253244556643',null,'info@ttt.by',null,'BY',null,'5555555, Минск, Голубева, 23',2,0,null);
Insert into CCI_CLIENT (ID,NAME,CITY,STREET,CINDEX,OFFICE,BUILDING,PHONE,CELL,UNP,OKPO,BNAME,BCITY,BSTREET,BINDEX,BOFFICE,BBUILDING,ACCOUNT,BUNP,EMAIL,BEMAIL,CODECOUNTRY,BCODECOUNTRY,ADDRESS,VERSION,LOCKED,FAX) values (213,'Морковная страна','Минск','Ленина','2201108',null,'1',null,null,null,null,null,null,null,null,null,null,null,null,null,null,'BY',null,'2201108, Минск, Ленина, 1',1,0,null);
Insert into CCI_CLIENT (ID,NAME,CITY,STREET,CINDEX,OFFICE,BUILDING,PHONE,CELL,UNP,OKPO,BNAME,BCITY,BSTREET,BINDEX,BOFFICE,BBUILDING,ACCOUNT,BUNP,EMAIL,BEMAIL,CODECOUNTRY,BCODECOUNTRY,ADDRESS,VERSION,LOCKED,FAX) values (222,'Савушкин Продукт','Брест','Курчатова','2201108',null,'1',null,null,null,null,null,null,null,null,null,null,null,null,null,null,'BY',null,'2201108, Брест, Курчатова, 1, Республика Беларусь',1,0,null);
Insert into CCI_CLIENT (ID,NAME,CITY,STREET,CINDEX,OFFICE,BUILDING,PHONE,CELL,UNP,OKPO,BNAME,BCITY,BSTREET,BINDEX,BOFFICE,BBUILDING,ACCOUNT,BUNP,EMAIL,BEMAIL,CODECOUNTRY,BCODECOUNTRY,ADDRESS,VERSION,LOCKED,FAX) values (223,'Солнечный круг','Брест','Курчатова','2201108',null,'1',null,null,null,null,null,null,null,null,null,null,null,null,null,null,'BY',null,'2201108, Брест, Курчатова, 1',1,0,null);
Insert into CCI_CLIENT (ID,NAME,CITY,STREET,CINDEX,OFFICE,BUILDING,PHONE,CELL,UNP,OKPO,BNAME,BCITY,BSTREET,BINDEX,BOFFICE,BBUILDING,ACCOUNT,BUNP,EMAIL,BEMAIL,CODECOUNTRY,BCODECOUNTRY,ADDRESS,VERSION,LOCKED,FAX) values (177,'Рога и копыта','Минск','Семенова','2201108',null,'1',null,null,null,null,null,null,null,null,null,null,null,null,null,null,'BY',null,'2201108, Минск, Семенова, 1',2,0,null);
Insert into CCI_CLIENT (ID,NAME,CITY,STREET,CINDEX,OFFICE,BUILDING,PHONE,CELL,UNP,OKPO,BNAME,BCITY,BSTREET,BINDEX,BOFFICE,BBUILDING,ACCOUNT,BUNP,EMAIL,BEMAIL,CODECOUNTRY,BCODECOUNTRY,ADDRESS,VERSION,LOCKED,FAX) values (178,'Морковная страна','Минск','Курчатова','2201108',null,'67',null,null,null,null,null,null,null,null,null,null,null,null,null,null,'BY',null,'2201108, Минск, Курчатова, 67, Республика Беларусь',4,0,null);
Insert into CCI_CLIENT (ID,NAME,CITY,STREET,CINDEX,OFFICE,BUILDING,PHONE,CELL,UNP,OKPO,BNAME,BCITY,BSTREET,BINDEX,BOFFICE,BBUILDING,ACCOUNT,BUNP,EMAIL,BEMAIL,CODECOUNTRY,BCODECOUNTRY,ADDRESS,VERSION,LOCKED,FAX) values (62,'Ветер','Минск','Народная','111117','77','56','22222','33333','234567','1111111111','88','7777','рннн','555','888','66','77',null,'444444',null,'BY','AF','111117, Минск, Народная, 56, Республика Беларусь',27,0,null);
Insert into CCI_CLIENT (ID,NAME,CITY,STREET,CINDEX,OFFICE,BUILDING,PHONE,CELL,UNP,OKPO,BNAME,BCITY,BSTREET,BINDEX,BOFFICE,BBUILDING,ACCOUNT,BUNP,EMAIL,BEMAIL,CODECOUNTRY,BCODECOUNTRY,ADDRESS,VERSION,LOCKED,FAX) values (262,'Спартак',null,null,null,null,null,'1234567','7654321','1234567891234',null,null,null,null,null,null,null,null,null,'123@tut.by',null,'BY',null,'Республика Беларусь',0,0,null);
Insert into CCI_CLIENT (ID,NAME,CITY,STREET,CINDEX,OFFICE,BUILDING,PHONE,CELL,UNP,OKPO,BNAME,BCITY,BSTREET,BINDEX,BOFFICE,BBUILDING,ACCOUNT,BUNP,EMAIL,BEMAIL,CODECOUNTRY,BCODECOUNTRY,ADDRESS,VERSION,LOCKED,FAX) values (263,'Спартак',null,null,null,null,null,'1234567','7654321','1234567891234',null,null,null,null,null,null,null,null,null,'123@tut.by',null,'BY',null,'Республика Беларусь',0,0,null);
Insert into CCI_CLIENT (ID,NAME,CITY,STREET,CINDEX,OFFICE,BUILDING,PHONE,CELL,UNP,OKPO,BNAME,BCITY,BSTREET,BINDEX,BOFFICE,BBUILDING,ACCOUNT,BUNP,EMAIL,BEMAIL,CODECOUNTRY,BCODECOUNTRY,ADDRESS,VERSION,LOCKED,FAX) values (264,'Коммунарка',null,null,null,null,null,'1234567',null,'1234567890123',null,null,null,null,null,null,null,null,null,null,null,'BY',null,'Республика Беларусь',0,0,null);
Insert into CCI_CLIENT (ID,NAME,CITY,STREET,CINDEX,OFFICE,BUILDING,PHONE,CELL,UNP,OKPO,BNAME,BCITY,BSTREET,BINDEX,BOFFICE,BBUILDING,ACCOUNT,BUNP,EMAIL,BEMAIL,CODECOUNTRY,BCODECOUNTRY,ADDRESS,VERSION,LOCKED,FAX) values (243,'ООО Высокий берег','Минск','Крапоткина','228977',null,'23','123456','6783345','fff','fff',null,null,null,null,null,null,null,null,null,null,'BY',null,'228977, Минск, Крапоткина, 23',1,0,null);
Insert into CCI_CLIENT (ID,NAME,CITY,STREET,CINDEX,OFFICE,BUILDING,PHONE,CELL,UNP,OKPO,BNAME,BCITY,BSTREET,BINDEX,BOFFICE,BBUILDING,ACCOUNT,BUNP,EMAIL,BEMAIL,CODECOUNTRY,BCODECOUNTRY,ADDRESS,VERSION,LOCKED,FAX) values (244,'Проверка','Минск','Серова','2289367','12','45','1 23 456',null,'72647190','23456',null,null,null,null,null,null,'11111',null,null,null,'BY',null,'2289367, Минск, Серова, 45',1,0,null);
Insert into CCI_CLIENT (ID,NAME,CITY,STREET,CINDEX,OFFICE,BUILDING,PHONE,CELL,UNP,OKPO,BNAME,BCITY,BSTREET,BINDEX,BOFFICE,BBUILDING,ACCOUNT,BUNP,EMAIL,BEMAIL,CODECOUNTRY,BCODECOUNTRY,ADDRESS,VERSION,LOCKED,FAX) values (242,'Высокий забор','МИнск','Крапоткина','224590','34','25','76543232','7654321','123456','123456','ttt','ttt',null,'ttt',null,null,'ttt',null,null,null,'BY','AW','224590, МИнск, Крапоткина, 25, Республика Беларусь',9,0,null);
REM INSERTING into CCI_CLIENT_LOCALE
SET DEFINE OFF;
Insert into CCI_CLIENT_LOCALE (IDCLIENT,NAME,STREET,CITY,ADDRESS,LOCALE) values (62,'Veter','Narodnaya','Minsk','111117, Minsk, Narodnaya, 56, Belarus','EN');
Insert into CCI_CLIENT_LOCALE (IDCLIENT,NAME,STREET,CITY,ADDRESS,LOCALE) values (178,'Morkovnaya Strana','Kurchatova','Minsk','2201108, Minsk, Kurchatova, 67, Belarus','EN');
Insert into CCI_CLIENT_LOCALE (IDCLIENT,NAME,STREET,CITY,ADDRESS,LOCALE) values (222,'Savushkin Product','Gogolya','Brest','2201108, Brest, Gogolya, 1, Belarus','EN');
Insert into CCI_CLIENT_LOCALE (IDCLIENT,NAME,STREET,CITY,ADDRESS,LOCALE) values (42,'Linkor','Sverdlova','Minsk','220089, Minsk, Sverdlova, 12, Belarus','EN');
Insert into CCI_CLIENT_LOCALE (IDCLIENT,NAME,STREET,CITY,ADDRESS,LOCALE) values (25,'Karavella','Semenova','Minsk',null,'EN');
Insert into CCI_CLIENT_LOCALE (IDCLIENT,NAME,STREET,CITY,ADDRESS,LOCALE) values (25,'Karavella','Semenova','Minsk',null,'FR');
Insert into CCI_CLIENT_LOCALE (IDCLIENT,NAME,STREET,CITY,ADDRESS,LOCALE) values (242,'Vy''sokij zabor','Krapotkina','MInsk','224590, MInsk, Krapotkina, 25, Belarus','EN');
REM INSERTING into CCI_DEPARTMENT
SET DEFINE OFF;
Insert into CCI_DEPARTMENT (ID_PARENT,NAME,CODE,ID_OTD,ID) values (null,'Администрация','01',1,1);
Insert into CCI_DEPARTMENT (ID_PARENT,NAME,CODE,ID_OTD,ID) values (null,'Бухгалтерия','02',1,2);
Insert into CCI_DEPARTMENT (ID_PARENT,NAME,CODE,ID_OTD,ID) values (null,'Отдел ВЭС','03',1,3);
Insert into CCI_DEPARTMENT (ID_PARENT,NAME,CODE,ID_OTD,ID) values (null,'Администрация','01',2,4);
Insert into CCI_DEPARTMENT (ID_PARENT,NAME,CODE,ID_OTD,ID) values (null,'Администрация','01',3,5);
Insert into CCI_DEPARTMENT (ID_PARENT,NAME,CODE,ID_OTD,ID) values (null,'Администрация','01',4,6);
Insert into CCI_DEPARTMENT (ID_PARENT,NAME,CODE,ID_OTD,ID) values (null,'ААдминистрация','01',5,7);
Insert into CCI_DEPARTMENT (ID_PARENT,NAME,CODE,ID_OTD,ID) values (null,'Администрация','01',6,8);
Insert into CCI_DEPARTMENT (ID_PARENT,NAME,CODE,ID_OTD,ID) values (null,'Представительство в г.Береза','02',2,9);
Insert into CCI_DEPARTMENT (ID_PARENT,NAME,CODE,ID_OTD,ID) values (null,'Представительство в г.Лунинец','03',2,10);
REM INSERTING into CCI_EMPLOYEE
SET DEFINE OFF;
Insert into CCI_EMPLOYEE (ID,NAME,JOB,ID_DEPARTMENT,FIRSTNAME,LASTNAME,MIDDLENAME,PHONE,EMAIL,BDAY,ACTIVE,VERSION) values (42,'Иванов И.Я.','эксперт',2,'Иван','Иванов','Яныч','7654321',null,to_date('01-03-2017','DD-MM-YYYY'),'Y',3);
Insert into CCI_EMPLOYEE (ID,NAME,JOB,ID_DEPARTMENT,FIRSTNAME,LASTNAME,MIDDLENAME,PHONE,EMAIL,BDAY,ACTIVE,VERSION) values (61,'Карпов И.П.','эксперт',2,'Илья','Карпов','Петрович','1234567','ret@tut.by',null,'Y',1);
Insert into CCI_EMPLOYEE (ID,NAME,JOB,ID_DEPARTMENT,FIRSTNAME,LASTNAME,MIDDLENAME,PHONE,EMAIL,BDAY,ACTIVE,VERSION) values (62,'Петров С.Я.','эксперт',2,'Семен','Петров','Янович','1234567','123@tut.by',to_date('07-03-2017','DD-MM-YYYY'),'Y',1);
Insert into CCI_EMPLOYEE (ID,NAME,JOB,ID_DEPARTMENT,FIRSTNAME,LASTNAME,MIDDLENAME,PHONE,EMAIL,BDAY,ACTIVE,VERSION) values (82,'Сысой А.В.','начальник',1,'Александр','Сысой','Влвдимирович',null,null,to_date('09-03-2017','DD-MM-YYYY'),'Y',1);
Insert into CCI_EMPLOYEE (ID,NAME,JOB,ID_DEPARTMENT,FIRSTNAME,LASTNAME,MIDDLENAME,PHONE,EMAIL,BDAY,ACTIVE,VERSION) values (21,'Гришинович И.И.','эксперт',4,'Иван','Гришинович','Иванович','1234567','gri@tut.by',to_date('01-03-2017','DD-MM-YYYY'),'Y',8);
Insert into CCI_EMPLOYEE (ID,NAME,JOB,ID_DEPARTMENT,FIRSTNAME,LASTNAME,MIDDLENAME,PHONE,EMAIL,BDAY,ACTIVE,VERSION) values (22,'М.В.Полуян','Начальник отдела экспертизы и сертификации №1',3,'Петр','Полуян',null,'111111',null,null,'Y',2);
Insert into CCI_EMPLOYEE (ID,NAME,JOB,ID_DEPARTMENT,FIRSTNAME,LASTNAME,MIDDLENAME,PHONE,EMAIL,BDAY,ACTIVE,VERSION) values (17,'Сидоров В.С.','эксперт',5,'Иван','Сидоров','Семенович','12344','444',to_date('01-03-2017','DD-MM-YYYY'),'Y',2);
Insert into CCI_EMPLOYEE (ID,NAME,JOB,ID_DEPARTMENT,FIRSTNAME,LASTNAME,MIDDLENAME,PHONE,EMAIL,BDAY,ACTIVE,VERSION) values (18,'М.В.Гуринович','Начальник отдела экспертизы и сертификации №1',7,'Максим','Гуринович','Петрович','2345678',null,to_date('08-03-2017','DD-MM-YYYY'),'Y',3);
REM INSERTING into CCI_EMPLOYEE_LOCALE
SET DEFINE OFF;
Insert into CCI_EMPLOYEE_LOCALE (IDEMPLOYEE,LOCALE,NAME,JOB) values (22,'EN','Polyan V.I.','head of expert department');
Insert into CCI_EMPLOYEE_LOCALE (IDEMPLOYEE,LOCALE,NAME,JOB) values (18,'EN','Gurinovich F.F.','expert');
Insert into CCI_EMPLOYEE_LOCALE (IDEMPLOYEE,LOCALE,NAME,JOB) values (17,'EN','Sidorov V.S.','expert');
Insert into CCI_EMPLOYEE_LOCALE (IDEMPLOYEE,LOCALE,NAME,JOB) values (42,'EN','Ivanov I.I.','expert');
Insert into CCI_EMPLOYEE_LOCALE (IDEMPLOYEE,LOCALE,NAME,JOB) values (21,'EN','Grishanovich','expert');
Insert into CCI_EMPLOYEE_LOCALE (IDEMPLOYEE,LOCALE,NAME,JOB) values (21,'FR','Grishanovitch FR',null);
REM INSERTING into FS_BLANK
SET DEFINE OFF;
Insert into FS_BLANK (ID,ID_FSCERT,PAGE,BLANKNUMBER) values (562,61,1,'123456');
Insert into FS_BLANK (ID,ID_FSCERT,PAGE,BLANKNUMBER) values (601,107,1,'123456');
Insert into FS_BLANK (ID,ID_FSCERT,PAGE,BLANKNUMBER) values (603,82,1,'3333333');
Insert into FS_BLANK (ID,ID_FSCERT,PAGE,BLANKNUMBER) values (582,62,1,'123');
REM INSERTING into FS_BLANK_DENORM
SET DEFINE OFF;
Insert into FS_BLANK_DENORM (ID_FSCERT,BLANKNUMBERS) values (61,'123456; ');
Insert into FS_BLANK_DENORM (ID_FSCERT,BLANKNUMBERS) values (82,'3333333; ');
Insert into FS_BLANK_DENORM (ID_FSCERT,BLANKNUMBERS) values (107,'123456; ');
Insert into FS_BLANK_DENORM (ID_FSCERT,BLANKNUMBERS) values (62,'123; ');
REM INSERTING into FS_BRANCH
SET DEFINE OFF;
Insert into FS_BRANCH (ID,NAME,CITY,STREET,CINDEX,OFFICE,BUILDING,PHONE,CELL,UNP,OKPO,BNAME,BCITY,BSTREET,BINDEX,BOFFICE,BBUILDING,ACCOUNT,BUNP,EMAIL,BEMAIL,CODECOUNTRY,BCODECOUNTRY,ADDRESS,VERSION,LOCKED,FAX,CODE) values (2,'Унитарное предприятие по оказанию услуг «Бресткое отделение Белорусской торгово-промышленной палаты»','Брест','Интернациональная','220113',null,'50','+375 17 280 04 73',null,null,null,null,null,null,null,null,null,null,null,'tppm@cci.by',null,'BY',null,'220113, Минск, ул. Якуба Коласа, 65, Республика Беларусь',1,0,'12234567','2');
Insert into FS_BRANCH (ID,NAME,CITY,STREET,CINDEX,OFFICE,BUILDING,PHONE,CELL,UNP,OKPO,BNAME,BCITY,BSTREET,BINDEX,BOFFICE,BBUILDING,ACCOUNT,BUNP,EMAIL,BEMAIL,CODECOUNTRY,BCODECOUNTRY,ADDRESS,VERSION,LOCKED,FAX,CODE) values (1,'Унитарное предприятие по оказанию услуг «Минское отделение Белорусской торгово-промышленной палаты»','Минск','Якуба Коласа','220113',null,'65','+375 17 280 04 73',null,null,null,null,null,null,null,null,null,null,null,'tppm@tppm.by',null,'BY',null,'220113, Брест, ул. Интернациональная, 50, Республика Беларусь',1,0,'45628849','1');
Insert into FS_BRANCH (ID,NAME,CITY,STREET,CINDEX,OFFICE,BUILDING,PHONE,CELL,UNP,OKPO,BNAME,BCITY,BSTREET,BINDEX,BOFFICE,BBUILDING,ACCOUNT,BUNP,EMAIL,BEMAIL,CODECOUNTRY,BCODECOUNTRY,ADDRESS,VERSION,LOCKED,FAX,CODE) values (5,'Унитарное предприятие по оказанию услуг «Витебское отделение Белорусской торгово-промышленной палаты»','Витебск','Космонавтов','210001',null,'4','+375 17 280 04 73',null,null,null,null,null,null,null,null,null,null,null,null,null,null,null,'210001, Витебск, ул. Космонавтов, 4, Республика Беларусь',1,0,'676666','5');
Insert into FS_BRANCH (ID,NAME,CITY,STREET,CINDEX,OFFICE,BUILDING,PHONE,CELL,UNP,OKPO,BNAME,BCITY,BSTREET,BINDEX,BOFFICE,BBUILDING,ACCOUNT,BUNP,EMAIL,BEMAIL,CODECOUNTRY,BCODECOUNTRY,ADDRESS,VERSION,LOCKED,FAX,CODE) values (3,'Унитарное предприятие по оказанию услуг «Гомельское отделение Белорусской торгово-промышленной палаты»','Гомель','Ирининская','246050',null,'21','+375 17 280 04 73',null,null,null,null,null,null,null,null,null,null,null,null,null,null,null,'246050, Гомель, ул. Ирининская, 21, Республика Беларусь',1,0,'1234','3');
Insert into FS_BRANCH (ID,NAME,CITY,STREET,CINDEX,OFFICE,BUILDING,PHONE,CELL,UNP,OKPO,BNAME,BCITY,BSTREET,BINDEX,BOFFICE,BBUILDING,ACCOUNT,BUNP,EMAIL,BEMAIL,CODECOUNTRY,BCODECOUNTRY,ADDRESS,VERSION,LOCKED,FAX,CODE) values (4,'Унитарное предприятие по оказанию услуг «Гродненское отделение Белорусской торгово-промышленной палаты»','Гродно','Cоветская','230023',null,'23а','+375 17 280 04 73',null,null,null,null,null,null,null,null,null,null,null,null,null,null,null,'230023, Гродно, ул. Cоветская, 23а, Республика Беларусь',1,0,'5555','4');
Insert into FS_BRANCH (ID,NAME,CITY,STREET,CINDEX,OFFICE,BUILDING,PHONE,CELL,UNP,OKPO,BNAME,BCITY,BSTREET,BINDEX,BOFFICE,BBUILDING,ACCOUNT,BUNP,EMAIL,BEMAIL,CODECOUNTRY,BCODECOUNTRY,ADDRESS,VERSION,LOCKED,FAX,CODE) values (6,'Унитарное предприятие по оказанию услуг «Могилевское отделение Белорусской торгово-промышленной палаты»','Могилев','Первомайская','212030',null,'71','+375 222 32 68 50',null,null,null,null,null,null,null,null,null,null,null,null,null,null,null,'212030, Могилев, ул. Первомайская, 71, Республика Беларусь',1,0,'777777','6');
REM INSERTING into FS_BRANCH_LOCALE
SET DEFINE OFF;
Insert into FS_BRANCH_LOCALE (IDBRANCH,LOCALE,NAME,CITY,STREET,ADDRESS) values (1,'EN','The unitary enterprise for rendering of services «Minsk Branch of the Belarusian Chamber of Commerce and Indastry»','Minsk','Ya. Kolas St.','220113, Minsk, Ya. Kolas St., 50, Republic of Belarus');
Insert into FS_BRANCH_LOCALE (IDBRANCH,LOCALE,NAME,CITY,STREET,ADDRESS) values (2,'EN','The unitary enterprise for rendering of services «The Brest Branch of Chamber of Commerce and Industry»','Brest','Gogol','220113, Brest, Gogol, 65, Republic of Belarus');
Insert into FS_BRANCH_LOCALE (IDBRANCH,LOCALE,NAME,CITY,STREET,ADDRESS) values (5,'EN','The unitary enterprise for rendering of services «The Vitebsk Branch of Chamber of Commerce and Industry»','Vitebsk','Kosmonavtov','210001, Vitebsk, Kosmonavtov, 4, Republic of Belarus');
Insert into FS_BRANCH_LOCALE (IDBRANCH,LOCALE,NAME,CITY,STREET,ADDRESS) values (3,'EN','The unitary enterprise for rendering of services «The Gomel Branch of Chamber of Commerce and Industry»','Gomel','Irininskay','246050, Gomel, Irininskay, 21, Republic of Belarus');
Insert into FS_BRANCH_LOCALE (IDBRANCH,LOCALE,NAME,CITY,STREET,ADDRESS) values (4,'EN','The unitary enterprise for rendering of services «The Grodno Branch of Chamber of Commerce and Industry»','Grodno','Sovietskaya','230023, Grodno, Sovietskaya, 23а, Republic of Belarus');
Insert into FS_BRANCH_LOCALE (IDBRANCH,LOCALE,NAME,CITY,STREET,ADDRESS) values (6,'EN','The unitary enterprise for rendering of services «The Mogilev Branch of Chamber of Commerce and Industry»','Mogilev','Pervomayaskay','212030, Mogilev, Pervomayaskay, 71, Republic of Belarus');
REM INSERTING into FS_CERT
SET DEFINE OFF;
Insert into FS_CERT (ID,CERTNUMBER,PARENTNUMBER,DATEISSUE,DATEEXPIRY,CONFIRMATION,DECLARATION,ID_BRANCH,ID_EXPORTER,ID_PRODUCER,ID_EXPERT,ID_SIGNER,DATECERT,CODECOUNTRYTARGET,OTD_ID,LISTSCOUNT,LANGUAGE,IDDEPARTMENT) values (81,'BYAU7102999999',null,null,null,'Настоящим удостоверяем, основываясь на представленных сведениях, что товары, перечисленные ниже, производятся Высокий забор, 224590, МИнск, Крапоткина, 25, Республика Беларусь,  не имеют ограничений для обращения на территории Республики Беларусь. Насколько нам известно, нет никаких запретов на экспорт этих товаров
','Данный сертификат не является явной или подразумеваемой гарантией для какого-либо товара вышеуказанного производителя и (или) экспортера. Сертификат не должен использоваться для целей рекламы или подобных целей, не является документом по оценке соответствия и не подтверждает происхождение товара из Республики Беларусь.
',1,62,242,42,42,to_date('07-04-2017','DD-MM-YYYY'),'AU',1,null,'RU',null);
Insert into FS_CERT (ID,CERTNUMBER,PARENTNUMBER,DATEISSUE,DATEEXPIRY,CONFIRMATION,DECLARATION,ID_BRANCH,ID_EXPORTER,ID_PRODUCER,ID_EXPERT,ID_SIGNER,DATECERT,CODECOUNTRYTARGET,OTD_ID,LISTSCOUNT,LANGUAGE,IDDEPARTMENT) values (101,'BY710212345678',null,null,null,null,null,1,null,null,42,42,to_date('20-04-2017','DD-MM-YYYY'),null,1,null,'RU',null);
Insert into FS_CERT (ID,CERTNUMBER,PARENTNUMBER,DATEISSUE,DATEEXPIRY,CONFIRMATION,DECLARATION,ID_BRANCH,ID_EXPORTER,ID_PRODUCER,ID_EXPERT,ID_SIGNER,DATECERT,CODECOUNTRYTARGET,OTD_ID,LISTSCOUNT,LANGUAGE,IDDEPARTMENT) values (102,'BY7102785678',null,null,null,null,null,1,null,null,42,42,to_date('20-04-2017','DD-MM-YYYY'),null,1,null,'RU',2);
Insert into FS_CERT (ID,CERTNUMBER,PARENTNUMBER,DATEISSUE,DATEEXPIRY,CONFIRMATION,DECLARATION,ID_BRANCH,ID_EXPORTER,ID_PRODUCER,ID_EXPERT,ID_SIGNER,DATECERT,CODECOUNTRYTARGET,OTD_ID,LISTSCOUNT,LANGUAGE,IDDEPARTMENT) values (103,'BY7102111111',null,to_date('01-04-2017','DD-MM-YYYY'),to_date('01-04-2018','DD-MM-YYYY'),null,null,1,null,null,42,42,to_date('20-04-2017','DD-MM-YYYY'),null,1,null,'RU',2);
Insert into FS_CERT (ID,CERTNUMBER,PARENTNUMBER,DATEISSUE,DATEEXPIRY,CONFIRMATION,DECLARATION,ID_BRANCH,ID_EXPORTER,ID_PRODUCER,ID_EXPERT,ID_SIGNER,DATECERT,CODECOUNTRYTARGET,OTD_ID,LISTSCOUNT,LANGUAGE,IDDEPARTMENT) values (104,'BY71021111111',null,null,null,null,null,1,263,262,42,42,to_date('20-04-2017','DD-MM-YYYY'),'AU',1,null,'RU',2);
Insert into FS_CERT (ID,CERTNUMBER,PARENTNUMBER,DATEISSUE,DATEEXPIRY,CONFIRMATION,DECLARATION,ID_BRANCH,ID_EXPORTER,ID_PRODUCER,ID_EXPERT,ID_SIGNER,DATECERT,CODECOUNTRYTARGET,OTD_ID,LISTSCOUNT,LANGUAGE,IDDEPARTMENT) values (105,'BY710222222',null,to_date('01-04-2017','DD-MM-YYYY'),to_date('15-04-2017','DD-MM-YYYY'),'Настоящим удостоверяем, основываясь на представленных сведениях, что товары, перечисленные ниже, производятся Савушкин Продукт, 2201108, Брест, Курчатова, 1, Республика Беларусь,  не имеют ограничений для обращения на территории Республики Беларусь. Насколько нам известно, нет никаких запретов на экспорт этих товаров
','Данный сертификат не является явной или подразумеваемой гарантией для какого-либо товара вышеуказанного производителя и (или) экспортера. Сертификат не должен использоваться для целей рекламы или подобных целей, не является документом по оценке соответствия и не подтверждает происхождение товара из Республики Беларусь.
',1,212,222,42,42,to_date('20-04-2017','DD-MM-YYYY'),'AU',1,null,'RU',2);
Insert into FS_CERT (ID,CERTNUMBER,PARENTNUMBER,DATEISSUE,DATEEXPIRY,CONFIRMATION,DECLARATION,ID_BRANCH,ID_EXPORTER,ID_PRODUCER,ID_EXPERT,ID_SIGNER,DATECERT,CODECOUNTRYTARGET,OTD_ID,LISTSCOUNT,LANGUAGE,IDDEPARTMENT) values (107,'BY71022454545',null,null,null,null,null,1,null,null,42,42,to_date('20-04-2017','DD-MM-YYYY'),null,1,null,'RU',2);
Insert into FS_CERT (ID,CERTNUMBER,PARENTNUMBER,DATEISSUE,DATEEXPIRY,CONFIRMATION,DECLARATION,ID_BRANCH,ID_EXPORTER,ID_PRODUCER,ID_EXPERT,ID_SIGNER,DATECERT,CODECOUNTRYTARGET,OTD_ID,LISTSCOUNT,LANGUAGE,IDDEPARTMENT) values (108,'BY7102',null,null,null,null,null,1,null,null,42,42,to_date('20-04-2017','DD-MM-YYYY'),null,1,null,'RU',2);
Insert into FS_CERT (ID,CERTNUMBER,PARENTNUMBER,DATEISSUE,DATEEXPIRY,CONFIRMATION,DECLARATION,ID_BRANCH,ID_EXPORTER,ID_PRODUCER,ID_EXPERT,ID_SIGNER,DATECERT,CODECOUNTRYTARGET,OTD_ID,LISTSCOUNT,LANGUAGE,IDDEPARTMENT) values (110,'BY7102123123123',null,null,null,null,null,1,null,null,42,42,to_date('20-04-2017','DD-MM-YYYY'),null,0,null,'RU',2);
Insert into FS_CERT (ID,CERTNUMBER,PARENTNUMBER,DATEISSUE,DATEEXPIRY,CONFIRMATION,DECLARATION,ID_BRANCH,ID_EXPORTER,ID_PRODUCER,ID_EXPERT,ID_SIGNER,DATECERT,CODECOUNTRYTARGET,OTD_ID,LISTSCOUNT,LANGUAGE,IDDEPARTMENT) values (111,'BY71029800078',null,null,null,null,null,1,null,null,42,42,to_date('20-04-2017','DD-MM-YYYY'),null,0,null,'RU',2);
Insert into FS_CERT (ID,CERTNUMBER,PARENTNUMBER,DATEISSUE,DATEEXPIRY,CONFIRMATION,DECLARATION,ID_BRANCH,ID_EXPORTER,ID_PRODUCER,ID_EXPERT,ID_SIGNER,DATECERT,CODECOUNTRYTARGET,OTD_ID,LISTSCOUNT,LANGUAGE,IDDEPARTMENT) values (112,'BY71022222223334',null,null,null,null,null,1,null,null,42,42,to_date('20-04-2017','DD-MM-YYYY'),null,0,null,'RU',2);
Insert into FS_CERT (ID,CERTNUMBER,PARENTNUMBER,DATEISSUE,DATEEXPIRY,CONFIRMATION,DECLARATION,ID_BRANCH,ID_EXPORTER,ID_PRODUCER,ID_EXPERT,ID_SIGNER,DATECERT,CODECOUNTRYTARGET,OTD_ID,LISTSCOUNT,LANGUAGE,IDDEPARTMENT) values (113,'BY7102010101',null,null,null,null,null,1,null,null,42,42,to_date('20-04-2017','DD-MM-YYYY'),null,0,null,'RU',2);
Insert into FS_CERT (ID,CERTNUMBER,PARENTNUMBER,DATEISSUE,DATEEXPIRY,CONFIRMATION,DECLARATION,ID_BRANCH,ID_EXPORTER,ID_PRODUCER,ID_EXPERT,ID_SIGNER,DATECERT,CODECOUNTRYTARGET,OTD_ID,LISTSCOUNT,LANGUAGE,IDDEPARTMENT) values (61,'BYAV7104100023','BYAV7104100023',to_date('01-04-2017','DD-MM-YYYY'),to_date('31-03-2018','DD-MM-YYYY'),'Referring to the information provided, the undersigned hereby declares that the products listed below are manufactured by Linkor, 220089, Minsk, Sverdlova, 12, Belarus(Линкор, 220089, Минск, Кнорина, 12, Республика Беларусь) and are available for free sale in the Republic of Belarus. To the best of our knowledge, there are no prohibitions against the export of these products.
','This certificate should not be interpreted as a guarantee, explicit or implied for any of the products of the manufacturer and (or) exporter mentioned above. Neither should it be used for advertising or similar purposes. This certificate is not a compliance verification document. This certificate is not a certificate of origin.
',1,242,42,42,42,to_date('06-04-2017','DD-MM-YYYY'),'AT',1,null,'EN',null);
Insert into FS_CERT (ID,CERTNUMBER,PARENTNUMBER,DATEISSUE,DATEEXPIRY,CONFIRMATION,DECLARATION,ID_BRANCH,ID_EXPORTER,ID_PRODUCER,ID_EXPERT,ID_SIGNER,DATECERT,CODECOUNTRYTARGET,OTD_ID,LISTSCOUNT,LANGUAGE,IDDEPARTMENT) values (62,'BYLV7102898989','BYAV7104100023',to_date('01-04-2017','DD-MM-YYYY'),to_date('20-04-2018','DD-MM-YYYY'),'Referring to the information provided, the undersigned hereby declares that the products listed below are manufactured by Savushkin Product, 2201108, Brest, Gogolya, 1, Belarus(Савушкин Продукт, 2201108, Брест, Курчатова, 1, Республика Беларусь) and are available for free sale in the Republic of Belarus. To the best of our knowledge, there are no prohibitions against the export of these products.
','This certificate should not be interpreted as a guarantee, explicit or implied for any of the products of the manufacturer and (or) exporter mentioned above. Neither should it be used for advertising or similar purposes. This certificate is not a compliance verification document. This certificate is not a certificate of origin.
',1,222,222,42,42,to_date('06-04-2017','DD-MM-YYYY'),'LV',1,null,'EN',null);
Insert into FS_CERT (ID,CERTNUMBER,PARENTNUMBER,DATEISSUE,DATEEXPIRY,CONFIRMATION,DECLARATION,ID_BRANCH,ID_EXPORTER,ID_PRODUCER,ID_EXPERT,ID_SIGNER,DATECERT,CODECOUNTRYTARGET,OTD_ID,LISTSCOUNT,LANGUAGE,IDDEPARTMENT) values (82,'BYAT7102677777',null,to_date('05-04-2017','DD-MM-YYYY'),to_date('04-04-2018','DD-MM-YYYY'),null,null,1,178,22,42,42,to_date('07-04-2017','DD-MM-YYYY'),'AT',1,null,'RU',null);
REM INSERTING into FS_PRODUCT
SET DEFINE OFF;
Insert into FS_PRODUCT (ID,ID_FSCERT,NUMERATOR,TOVAR) values (1402,61,1,'Product 1');
Insert into FS_PRODUCT (ID,ID_FSCERT,NUMERATOR,TOVAR) values (1441,107,1,'Продукт 1');
Insert into FS_PRODUCT (ID,ID_FSCERT,NUMERATOR,TOVAR) values (1444,81,1,'товар 1');
Insert into FS_PRODUCT (ID,ID_FSCERT,NUMERATOR,TOVAR) values (1449,82,1,'response.setContentType(text/html; harset=UTF-8) ssds sssssssssssssssssssffffffffffffffffffffffffffffffffffff;');
Insert into FS_PRODUCT (ID,ID_FSCERT,NUMERATOR,TOVAR) values (1450,82,2,'response.setCharacterEncoding("UTF-8");');
Insert into FS_PRODUCT (ID,ID_FSCERT,NUMERATOR,TOVAR) values (1451,82,3,'response.getWriter().println(number);');
Insert into FS_PRODUCT (ID,ID_FSCERT,NUMERATOR,TOVAR) values (1452,82,4,'response.flushBuffer();');
Insert into FS_PRODUCT (ID,ID_FSCERT,NUMERATOR,TOVAR) values (1424,62,1,'ewrtg');
Insert into FS_PRODUCT (ID,ID_FSCERT,NUMERATOR,TOVAR) values (1425,62,2,'werf');
Insert into FS_PRODUCT (ID,ID_FSCERT,NUMERATOR,TOVAR) values (1426,62,3,'ewrf');
REM INSERTING into FS_PRODUCT_DENORM
SET DEFINE OFF;
Insert into FS_PRODUCT_DENORM (ID_FSCERT) values (61);
Insert into FS_PRODUCT_DENORM (ID_FSCERT) values (62);
Insert into FS_PRODUCT_DENORM (ID_FSCERT) values (81);
Insert into FS_PRODUCT_DENORM (ID_FSCERT) values (82);
Insert into FS_PRODUCT_DENORM (ID_FSCERT) values (107);
REM INSERTING into FS_TEMPLATE
SET DEFINE OFF;
Insert into FS_TEMPLATE (KEY,TEXT,ID) values ('submission','Выдан для предоставления в',1);
Insert into FS_TEMPLATE (KEY,TEXT,ID) values ('confirmation','Настоящим удостоверяем, основываясь на представленных сведениях, что товары, перечисленные ниже, производятся [producer],  не имеют ограничений для обращения на территории Республики Беларусь. Насколько нам известно, нет никаких запретов на экспорт этих товаров',2);
Insert into FS_TEMPLATE (KEY,TEXT,ID) values ('listofproducts','Перечень товаров:',3);
Insert into FS_TEMPLATE (KEY,TEXT,ID) values ('listscount','Продолжение перечня товаров смотри в приложении на [listscount] листах',4);
Insert into FS_TEMPLATE (KEY,TEXT,ID) values ('declaration','Данный сертификат не является явной или подразумеваемой гарантией для какого-либо товара вышеуказанного производителя и (или) экспортера. Сертификат не должен использоваться для целей рекламы или подобных целей, не является документом по оценке соответствия и не подтверждает происхождение товара из Республики Беларусь.',5);
Insert into FS_TEMPLATE (KEY,TEXT,ID) values ('valid','Срок действия с [datestart]  по [dateexpiry] включительно.',6);
Insert into FS_TEMPLATE (KEY,TEXT,ID) values ('dublicate','Дубликат сертификата от [datecert] № [certnumber]',7);
Insert into FS_TEMPLATE (KEY,TEXT,ID) values ('annex','Продолжение перечня товаров:',8);
Insert into FS_TEMPLATE (KEY,TEXT,ID) values ('exporter','Экспортер',9);
REM INSERTING into FS_TEMPLATE_LOCALE
SET DEFINE OFF;
Insert into FS_TEMPLATE_LOCALE (IDKEY,LOCALE,TEXT) values (1,'RU','Выдан для предоставления в');
Insert into FS_TEMPLATE_LOCALE (IDKEY,LOCALE,TEXT) values (2,'RU','Настоящим удостоверяем, основываясь на представленных сведениях, что товары, перечисленные ниже, производятся [producer],  не имеют ограничений для обращения на территории Республики Беларусь. Насколько нам известно, нет никаких запретов на экспорт этих товаров');
Insert into FS_TEMPLATE_LOCALE (IDKEY,LOCALE,TEXT) values (3,'RU','Перечень товаров:');
Insert into FS_TEMPLATE_LOCALE (IDKEY,LOCALE,TEXT) values (4,'RU','Продолжение перечня товаров смотри в приложении на [listscount] листах');
Insert into FS_TEMPLATE_LOCALE (IDKEY,LOCALE,TEXT) values (5,'RU','Данный сертификат не является явной или подразумеваемой гарантией для какого-либо товара вышеуказанного производителя и (или) экспортера. Сертификат не должен использоваться для целей рекламы или подобных целей, не является документом по оценке соответствия и не подтверждает происхождение товара из Республики Беларусь.');
Insert into FS_TEMPLATE_LOCALE (IDKEY,LOCALE,TEXT) values (6,'RU','Срок действия с [datestart]  по [dateexpiry] включительно.');
Insert into FS_TEMPLATE_LOCALE (IDKEY,LOCALE,TEXT) values (1,'EN','For submission to ');
Insert into FS_TEMPLATE_LOCALE (IDKEY,LOCALE,TEXT) values (2,'EN','Referring to the information provided, the undersigned hereby declares that the products listed below are manufactured by [producer] and are available for free sale in the Republic of Belarus. To the best of our knowledge, there are no prohibitions against the export of these products.');
Insert into FS_TEMPLATE_LOCALE (IDKEY,LOCALE,TEXT) values (3,'EN','List of products');
Insert into FS_TEMPLATE_LOCALE (IDKEY,LOCALE,TEXT) values (4,'EN','For a continued list of products see Annex (total sheets - [listscount])   ');
Insert into FS_TEMPLATE_LOCALE (IDKEY,LOCALE,TEXT) values (5,'EN','This certificate should not be interpreted as a guarantee, explicit or implied for any of the products of the manufacturer and (or) exporter mentioned above. Neither should it be used for advertising or similar purposes. This certificate is not a compliance verification document. This certificate is not a certificate of origin.');
Insert into FS_TEMPLATE_LOCALE (IDKEY,LOCALE,TEXT) values (6,'EN','Valid from [datestart] till [dateexpiry] inclusive.');
Insert into FS_TEMPLATE_LOCALE (IDKEY,LOCALE,TEXT) values (7,'RU','Дубликат сертификата от [datecert] № [certnumber]');
Insert into FS_TEMPLATE_LOCALE (IDKEY,LOCALE,TEXT) values (7,'EN','Dublicate certificate of [datecert] № [certnumber]');
Insert into FS_TEMPLATE_LOCALE (IDKEY,LOCALE,TEXT) values (8,'RU','Продолжение перечня товаров:');
Insert into FS_TEMPLATE_LOCALE (IDKEY,LOCALE,TEXT) values (8,'EN','Continued list of products:');
Insert into FS_TEMPLATE_LOCALE (IDKEY,LOCALE,TEXT) values (9,'RU','Экспортер: ');
Insert into FS_TEMPLATE_LOCALE (IDKEY,LOCALE,TEXT) values (9,'EN','Exporter: ');
REM INSERTING into FSCERTVIEWEXPORT
SET DEFINE OFF;
Insert into FSCERTVIEWEXPORT (ID,CERTNUMBER,PARENTNUMBER,DATEISSUE,DATEEXPIRY,CONFIRMATION,DECLARATION,ID_BRANCH,ID_EXPORTER,ID_PRODUCER,ID_EXPERT,ID_SIGNER,DATECERT,CODECOUNTRYTARGET,OTD_ID,LISTSCOUNT,BRANCHNAME,BRANCHADDRESS,EXPORTERNAME,EXPORTERADDRESS,PRODUCERNAME,PRODUCERADDRESS,EXPERTNAME,SIGNERNAME,JOB,COUNTRYNAME,BLANKNUMBERS) values (81,'BYAU7102999999',null,null,null,'Настоящим удостоверяем, основываясь на представленных сведениях, что товары, перечисленные ниже, производятся Высокий забор, 224590, МИнск, Крапоткина, 25, Республика Беларусь,  не имеют ограничений для обращения на территории Республики Беларусь. Насколько нам известно, нет никаких запретов на экспорт этих товаров
','Данный сертификат не является явной или подразумеваемой гарантией для какого-либо товара вышеуказанного производителя и (или) экспортера. Сертификат не должен использоваться для целей рекламы или подобных целей, не является документом по оценке соответствия и не подтверждает происхождение товара из Республики Беларусь.
',1,62,242,42,42,to_date('07-04-2017','DD-MM-YYYY'),'AU',1,null,'Унитарное предприятие по оказанию услуг «Минское отделение Белорусской торгово-промышленной палаты»','220113, Брест, ул. Интернациональная, 50, Республика Беларусь','Ветер','111117, Минск, Народная, 56, Республика Беларусь','Высокий забор','224590, МИнск, Крапоткина, 25, Республика Беларусь','Иванов И.Я.','Иванов И.Я.','эксперт','Австралия',null);
Insert into FSCERTVIEWEXPORT (ID,CERTNUMBER,PARENTNUMBER,DATEISSUE,DATEEXPIRY,CONFIRMATION,DECLARATION,ID_BRANCH,ID_EXPORTER,ID_PRODUCER,ID_EXPERT,ID_SIGNER,DATECERT,CODECOUNTRYTARGET,OTD_ID,LISTSCOUNT,BRANCHNAME,BRANCHADDRESS,EXPORTERNAME,EXPORTERADDRESS,PRODUCERNAME,PRODUCERADDRESS,EXPERTNAME,SIGNERNAME,JOB,COUNTRYNAME,BLANKNUMBERS) values (104,'BY71021111111',null,null,null,null,null,1,263,262,42,42,to_date('20-04-2017','DD-MM-YYYY'),'AU',1,null,'Унитарное предприятие по оказанию услуг «Минское отделение Белорусской торгово-промышленной палаты»','220113, Брест, ул. Интернациональная, 50, Республика Беларусь','Спартак','Республика Беларусь','Спартак','Республика Беларусь','Иванов И.Я.','Иванов И.Я.','эксперт','Австралия',null);
Insert into FSCERTVIEWEXPORT (ID,CERTNUMBER,PARENTNUMBER,DATEISSUE,DATEEXPIRY,CONFIRMATION,DECLARATION,ID_BRANCH,ID_EXPORTER,ID_PRODUCER,ID_EXPERT,ID_SIGNER,DATECERT,CODECOUNTRYTARGET,OTD_ID,LISTSCOUNT,BRANCHNAME,BRANCHADDRESS,EXPORTERNAME,EXPORTERADDRESS,PRODUCERNAME,PRODUCERADDRESS,EXPERTNAME,SIGNERNAME,JOB,COUNTRYNAME,BLANKNUMBERS) values (105,'BY710222222',null,to_date('01-04-2017','DD-MM-YYYY'),to_date('15-04-2017','DD-MM-YYYY'),'Настоящим удостоверяем, основываясь на представленных сведениях, что товары, перечисленные ниже, производятся Савушкин Продукт, 2201108, Брест, Курчатова, 1, Республика Беларусь,  не имеют ограничений для обращения на территории Республики Беларусь. Насколько нам известно, нет никаких запретов на экспорт этих товаров
','Данный сертификат не является явной или подразумеваемой гарантией для какого-либо товара вышеуказанного производителя и (или) экспортера. Сертификат не должен использоваться для целей рекламы или подобных целей, не является документом по оценке соответствия и не подтверждает происхождение товара из Республики Беларусь.
',1,212,222,42,42,to_date('20-04-2017','DD-MM-YYYY'),'AU',1,null,'Унитарное предприятие по оказанию услуг «Минское отделение Белорусской торгово-промышленной палаты»','220113, Брест, ул. Интернациональная, 50, Республика Беларусь','Фирма 7','5555555, Минск, Голубева, 23','Савушкин Продукт','2201108, Брест, Курчатова, 1, Республика Беларусь','Иванов И.Я.','Иванов И.Я.','эксперт','Австралия',null);
Insert into FSCERTVIEWEXPORT (ID,CERTNUMBER,PARENTNUMBER,DATEISSUE,DATEEXPIRY,CONFIRMATION,DECLARATION,ID_BRANCH,ID_EXPORTER,ID_PRODUCER,ID_EXPERT,ID_SIGNER,DATECERT,CODECOUNTRYTARGET,OTD_ID,LISTSCOUNT,BRANCHNAME,BRANCHADDRESS,EXPORTERNAME,EXPORTERADDRESS,PRODUCERNAME,PRODUCERADDRESS,EXPERTNAME,SIGNERNAME,JOB,COUNTRYNAME,BLANKNUMBERS) values (61,'BYAV7104100023','BYAV7104100023',to_date('01-04-2017','DD-MM-YYYY'),to_date('31-03-2018','DD-MM-YYYY'),'Referring to the information provided, the undersigned hereby declares that the products listed below are manufactured by Linkor, 220089, Minsk, Sverdlova, 12, Belarus(Линкор, 220089, Минск, Кнорина, 12, Республика Беларусь) and are available for free sale in the Republic of Belarus. To the best of our knowledge, there are no prohibitions against the export of these products.
','This certificate should not be interpreted as a guarantee, explicit or implied for any of the products of the manufacturer and (or) exporter mentioned above. Neither should it be used for advertising or similar purposes. This certificate is not a compliance verification document. This certificate is not a certificate of origin.
',1,242,42,42,42,to_date('06-04-2017','DD-MM-YYYY'),'AT',1,null,'Унитарное предприятие по оказанию услуг «Минское отделение Белорусской торгово-промышленной палаты»','220113, Брест, ул. Интернациональная, 50, Республика Беларусь','Высокий забор','224590, МИнск, Крапоткина, 25, Республика Беларусь','Линкор','220089, Минск, Кнорина, 12, Республика Беларусь','Иванов И.Я.','Иванов И.Я.','эксперт','Австрия','123456; ');
Insert into FSCERTVIEWEXPORT (ID,CERTNUMBER,PARENTNUMBER,DATEISSUE,DATEEXPIRY,CONFIRMATION,DECLARATION,ID_BRANCH,ID_EXPORTER,ID_PRODUCER,ID_EXPERT,ID_SIGNER,DATECERT,CODECOUNTRYTARGET,OTD_ID,LISTSCOUNT,BRANCHNAME,BRANCHADDRESS,EXPORTERNAME,EXPORTERADDRESS,PRODUCERNAME,PRODUCERADDRESS,EXPERTNAME,SIGNERNAME,JOB,COUNTRYNAME,BLANKNUMBERS) values (82,'BYAT7102677777',null,to_date('05-04-2017','DD-MM-YYYY'),to_date('04-04-2018','DD-MM-YYYY'),null,null,1,178,22,42,42,to_date('07-04-2017','DD-MM-YYYY'),'AT',1,null,'Унитарное предприятие по оказанию услуг «Минское отделение Белорусской торгово-промышленной палаты»','220113, Брест, ул. Интернациональная, 50, Республика Беларусь','Морковная страна','2201108, Минск, Курчатова, 67, Республика Беларусь','Парус','120056, Пинск, Ленина, 12','Иванов И.Я.','Иванов И.Я.','эксперт','Австрия','3333333; ');
Insert into FSCERTVIEWEXPORT (ID,CERTNUMBER,PARENTNUMBER,DATEISSUE,DATEEXPIRY,CONFIRMATION,DECLARATION,ID_BRANCH,ID_EXPORTER,ID_PRODUCER,ID_EXPERT,ID_SIGNER,DATECERT,CODECOUNTRYTARGET,OTD_ID,LISTSCOUNT,BRANCHNAME,BRANCHADDRESS,EXPORTERNAME,EXPORTERADDRESS,PRODUCERNAME,PRODUCERADDRESS,EXPERTNAME,SIGNERNAME,JOB,COUNTRYNAME,BLANKNUMBERS) values (62,'BYLV7102898989','BYAV7104100023',to_date('01-04-2017','DD-MM-YYYY'),to_date('20-04-2018','DD-MM-YYYY'),'Referring to the information provided, the undersigned hereby declares that the products listed below are manufactured by Savushkin Product, 2201108, Brest, Gogolya, 1, Belarus(Савушкин Продукт, 2201108, Брест, Курчатова, 1, Республика Беларусь) and are available for free sale in the Republic of Belarus. To the best of our knowledge, there are no prohibitions against the export of these products.
','This certificate should not be interpreted as a guarantee, explicit or implied for any of the products of the manufacturer and (or) exporter mentioned above. Neither should it be used for advertising or similar purposes. This certificate is not a compliance verification document. This certificate is not a certificate of origin.
',1,222,222,42,42,to_date('06-04-2017','DD-MM-YYYY'),'LV',1,null,'Унитарное предприятие по оказанию услуг «Минское отделение Белорусской торгово-промышленной палаты»','220113, Брест, ул. Интернациональная, 50, Республика Беларусь','Савушкин Продукт','2201108, Брест, Курчатова, 1, Республика Беларусь','Савушкин Продукт','2201108, Брест, Курчатова, 1, Республика Беларусь','Иванов И.Я.','Иванов И.Я.','эксперт','Латвия','123; ');
Insert into FSCERTVIEWEXPORT (ID,CERTNUMBER,PARENTNUMBER,DATEISSUE,DATEEXPIRY,CONFIRMATION,DECLARATION,ID_BRANCH,ID_EXPORTER,ID_PRODUCER,ID_EXPERT,ID_SIGNER,DATECERT,CODECOUNTRYTARGET,OTD_ID,LISTSCOUNT,BRANCHNAME,BRANCHADDRESS,EXPORTERNAME,EXPORTERADDRESS,PRODUCERNAME,PRODUCERADDRESS,EXPERTNAME,SIGNERNAME,JOB,COUNTRYNAME,BLANKNUMBERS) values (113,'BY7102010101',null,null,null,null,null,1,null,null,42,42,to_date('20-04-2017','DD-MM-YYYY'),null,0,null,'Унитарное предприятие по оказанию услуг «Минское отделение Белорусской торгово-промышленной палаты»','220113, Брест, ул. Интернациональная, 50, Республика Беларусь',null,null,null,null,'Иванов И.Я.','Иванов И.Я.','эксперт',null,null);
Insert into FSCERTVIEWEXPORT (ID,CERTNUMBER,PARENTNUMBER,DATEISSUE,DATEEXPIRY,CONFIRMATION,DECLARATION,ID_BRANCH,ID_EXPORTER,ID_PRODUCER,ID_EXPERT,ID_SIGNER,DATECERT,CODECOUNTRYTARGET,OTD_ID,LISTSCOUNT,BRANCHNAME,BRANCHADDRESS,EXPORTERNAME,EXPORTERADDRESS,PRODUCERNAME,PRODUCERADDRESS,EXPERTNAME,SIGNERNAME,JOB,COUNTRYNAME,BLANKNUMBERS) values (112,'BY71022222223334',null,null,null,null,null,1,null,null,42,42,to_date('20-04-2017','DD-MM-YYYY'),null,0,null,'Унитарное предприятие по оказанию услуг «Минское отделение Белорусской торгово-промышленной палаты»','220113, Брест, ул. Интернациональная, 50, Республика Беларусь',null,null,null,null,'Иванов И.Я.','Иванов И.Я.','эксперт',null,null);
Insert into FSCERTVIEWEXPORT (ID,CERTNUMBER,PARENTNUMBER,DATEISSUE,DATEEXPIRY,CONFIRMATION,DECLARATION,ID_BRANCH,ID_EXPORTER,ID_PRODUCER,ID_EXPERT,ID_SIGNER,DATECERT,CODECOUNTRYTARGET,OTD_ID,LISTSCOUNT,BRANCHNAME,BRANCHADDRESS,EXPORTERNAME,EXPORTERADDRESS,PRODUCERNAME,PRODUCERADDRESS,EXPERTNAME,SIGNERNAME,JOB,COUNTRYNAME,BLANKNUMBERS) values (111,'BY71029800078',null,null,null,null,null,1,null,null,42,42,to_date('20-04-2017','DD-MM-YYYY'),null,0,null,'Унитарное предприятие по оказанию услуг «Минское отделение Белорусской торгово-промышленной палаты»','220113, Брест, ул. Интернациональная, 50, Республика Беларусь',null,null,null,null,'Иванов И.Я.','Иванов И.Я.','эксперт',null,null);
Insert into FSCERTVIEWEXPORT (ID,CERTNUMBER,PARENTNUMBER,DATEISSUE,DATEEXPIRY,CONFIRMATION,DECLARATION,ID_BRANCH,ID_EXPORTER,ID_PRODUCER,ID_EXPERT,ID_SIGNER,DATECERT,CODECOUNTRYTARGET,OTD_ID,LISTSCOUNT,BRANCHNAME,BRANCHADDRESS,EXPORTERNAME,EXPORTERADDRESS,PRODUCERNAME,PRODUCERADDRESS,EXPERTNAME,SIGNERNAME,JOB,COUNTRYNAME,BLANKNUMBERS) values (110,'BY7102123123123',null,null,null,null,null,1,null,null,42,42,to_date('20-04-2017','DD-MM-YYYY'),null,0,null,'Унитарное предприятие по оказанию услуг «Минское отделение Белорусской торгово-промышленной палаты»','220113, Брест, ул. Интернациональная, 50, Республика Беларусь',null,null,null,null,'Иванов И.Я.','Иванов И.Я.','эксперт',null,null);
Insert into FSCERTVIEWEXPORT (ID,CERTNUMBER,PARENTNUMBER,DATEISSUE,DATEEXPIRY,CONFIRMATION,DECLARATION,ID_BRANCH,ID_EXPORTER,ID_PRODUCER,ID_EXPERT,ID_SIGNER,DATECERT,CODECOUNTRYTARGET,OTD_ID,LISTSCOUNT,BRANCHNAME,BRANCHADDRESS,EXPORTERNAME,EXPORTERADDRESS,PRODUCERNAME,PRODUCERADDRESS,EXPERTNAME,SIGNERNAME,JOB,COUNTRYNAME,BLANKNUMBERS) values (108,'BY7102',null,null,null,null,null,1,null,null,42,42,to_date('20-04-2017','DD-MM-YYYY'),null,1,null,'Унитарное предприятие по оказанию услуг «Минское отделение Белорусской торгово-промышленной палаты»','220113, Брест, ул. Интернациональная, 50, Республика Беларусь',null,null,null,null,'Иванов И.Я.','Иванов И.Я.','эксперт',null,null);
Insert into FSCERTVIEWEXPORT (ID,CERTNUMBER,PARENTNUMBER,DATEISSUE,DATEEXPIRY,CONFIRMATION,DECLARATION,ID_BRANCH,ID_EXPORTER,ID_PRODUCER,ID_EXPERT,ID_SIGNER,DATECERT,CODECOUNTRYTARGET,OTD_ID,LISTSCOUNT,BRANCHNAME,BRANCHADDRESS,EXPORTERNAME,EXPORTERADDRESS,PRODUCERNAME,PRODUCERADDRESS,EXPERTNAME,SIGNERNAME,JOB,COUNTRYNAME,BLANKNUMBERS) values (107,'BY71022454545',null,null,null,null,null,1,null,null,42,42,to_date('20-04-2017','DD-MM-YYYY'),null,1,null,'Унитарное предприятие по оказанию услуг «Минское отделение Белорусской торгово-промышленной палаты»','220113, Брест, ул. Интернациональная, 50, Республика Беларусь',null,null,null,null,'Иванов И.Я.','Иванов И.Я.','эксперт',null,'123456; ');
Insert into FSCERTVIEWEXPORT (ID,CERTNUMBER,PARENTNUMBER,DATEISSUE,DATEEXPIRY,CONFIRMATION,DECLARATION,ID_BRANCH,ID_EXPORTER,ID_PRODUCER,ID_EXPERT,ID_SIGNER,DATECERT,CODECOUNTRYTARGET,OTD_ID,LISTSCOUNT,BRANCHNAME,BRANCHADDRESS,EXPORTERNAME,EXPORTERADDRESS,PRODUCERNAME,PRODUCERADDRESS,EXPERTNAME,SIGNERNAME,JOB,COUNTRYNAME,BLANKNUMBERS) values (103,'BY7102111111',null,to_date('01-04-2017','DD-MM-YYYY'),to_date('01-04-2018','DD-MM-YYYY'),null,null,1,null,null,42,42,to_date('20-04-2017','DD-MM-YYYY'),null,1,null,'Унитарное предприятие по оказанию услуг «Минское отделение Белорусской торгово-промышленной палаты»','220113, Брест, ул. Интернациональная, 50, Республика Беларусь',null,null,null,null,'Иванов И.Я.','Иванов И.Я.','эксперт',null,null);
Insert into FSCERTVIEWEXPORT (ID,CERTNUMBER,PARENTNUMBER,DATEISSUE,DATEEXPIRY,CONFIRMATION,DECLARATION,ID_BRANCH,ID_EXPORTER,ID_PRODUCER,ID_EXPERT,ID_SIGNER,DATECERT,CODECOUNTRYTARGET,OTD_ID,LISTSCOUNT,BRANCHNAME,BRANCHADDRESS,EXPORTERNAME,EXPORTERADDRESS,PRODUCERNAME,PRODUCERADDRESS,EXPERTNAME,SIGNERNAME,JOB,COUNTRYNAME,BLANKNUMBERS) values (102,'BY7102785678',null,null,null,null,null,1,null,null,42,42,to_date('20-04-2017','DD-MM-YYYY'),null,1,null,'Унитарное предприятие по оказанию услуг «Минское отделение Белорусской торгово-промышленной палаты»','220113, Брест, ул. Интернациональная, 50, Республика Беларусь',null,null,null,null,'Иванов И.Я.','Иванов И.Я.','эксперт',null,null);
Insert into FSCERTVIEWEXPORT (ID,CERTNUMBER,PARENTNUMBER,DATEISSUE,DATEEXPIRY,CONFIRMATION,DECLARATION,ID_BRANCH,ID_EXPORTER,ID_PRODUCER,ID_EXPERT,ID_SIGNER,DATECERT,CODECOUNTRYTARGET,OTD_ID,LISTSCOUNT,BRANCHNAME,BRANCHADDRESS,EXPORTERNAME,EXPORTERADDRESS,PRODUCERNAME,PRODUCERADDRESS,EXPERTNAME,SIGNERNAME,JOB,COUNTRYNAME,BLANKNUMBERS) values (101,'BY710212345678',null,null,null,null,null,1,null,null,42,42,to_date('20-04-2017','DD-MM-YYYY'),null,1,null,'Унитарное предприятие по оказанию услуг «Минское отделение Белорусской торгово-промышленной палаты»','220113, Брест, ул. Интернациональная, 50, Республика Беларусь',null,null,null,null,'Иванов И.Я.','Иванов И.Я.','эксперт',null,null);
REM INSERTING into FSCERTVIEW
SET DEFINE OFF;
Insert into FSCERTVIEW (ID,CERTNUMBER,PARENTNUMBER,DATEISSUE,DATEEXPIRY,CONFIRMATION,DECLARATION,ID_BRANCH,ID_EXPORTER,ID_PRODUCER,ID_EXPERT,ID_SIGNER,DATECERT,CODECOUNTRYTARGET,OTD_ID,LISTSCOUNT,LANGUAGE,IDDEPARTMENT,BRANCHNAME,BRANCHADDRESS,EXPORTERNAME,EXPORTERADDRESS,PRODUCERNAME,PRODUCERADDRESS,EXPERTNAME,SIGNERNAME,JOB,COUNTRYNAME) values (81,'BYAU7102999999',null,null,null,'Настоящим удостоверяем, основываясь на представленных сведениях, что товары, перечисленные ниже, производятся Высокий забор, 224590, МИнск, Крапоткина, 25, Республика Беларусь,  не имеют ограничений для обращения на территории Республики Беларусь. Насколько нам известно, нет никаких запретов на экспорт этих товаров
','Данный сертификат не является явной или подразумеваемой гарантией для какого-либо товара вышеуказанного производителя и (или) экспортера. Сертификат не должен использоваться для целей рекламы или подобных целей, не является документом по оценке соответствия и не подтверждает происхождение товара из Республики Беларусь.
',1,62,242,42,42,to_date('07-04-2017','DD-MM-YYYY'),'AU',1,null,'RU',null,'Унитарное предприятие по оказанию услуг «Минское отделение Белорусской торгово-промышленной палаты»','220113, Брест, ул. Интернациональная, 50, Республика Беларусь','Ветер','111117, Минск, Народная, 56, Республика Беларусь','Высокий забор','224590, МИнск, Крапоткина, 25, Республика Беларусь','Иванов И.Я.','Иванов И.Я.','эксперт','Австралия');
Insert into FSCERTVIEW (ID,CERTNUMBER,PARENTNUMBER,DATEISSUE,DATEEXPIRY,CONFIRMATION,DECLARATION,ID_BRANCH,ID_EXPORTER,ID_PRODUCER,ID_EXPERT,ID_SIGNER,DATECERT,CODECOUNTRYTARGET,OTD_ID,LISTSCOUNT,LANGUAGE,IDDEPARTMENT,BRANCHNAME,BRANCHADDRESS,EXPORTERNAME,EXPORTERADDRESS,PRODUCERNAME,PRODUCERADDRESS,EXPERTNAME,SIGNERNAME,JOB,COUNTRYNAME) values (104,'BY71021111111',null,null,null,null,null,1,263,262,42,42,to_date('20-04-2017','DD-MM-YYYY'),'AU',1,null,'RU',2,'Унитарное предприятие по оказанию услуг «Минское отделение Белорусской торгово-промышленной палаты»','220113, Брест, ул. Интернациональная, 50, Республика Беларусь','Спартак','Республика Беларусь','Спартак','Республика Беларусь','Иванов И.Я.','Иванов И.Я.','эксперт','Австралия');
Insert into FSCERTVIEW (ID,CERTNUMBER,PARENTNUMBER,DATEISSUE,DATEEXPIRY,CONFIRMATION,DECLARATION,ID_BRANCH,ID_EXPORTER,ID_PRODUCER,ID_EXPERT,ID_SIGNER,DATECERT,CODECOUNTRYTARGET,OTD_ID,LISTSCOUNT,LANGUAGE,IDDEPARTMENT,BRANCHNAME,BRANCHADDRESS,EXPORTERNAME,EXPORTERADDRESS,PRODUCERNAME,PRODUCERADDRESS,EXPERTNAME,SIGNERNAME,JOB,COUNTRYNAME) values (105,'BY710222222',null,to_date('01-04-2017','DD-MM-YYYY'),to_date('15-04-2017','DD-MM-YYYY'),'Настоящим удостоверяем, основываясь на представленных сведениях, что товары, перечисленные ниже, производятся Савушкин Продукт, 2201108, Брест, Курчатова, 1, Республика Беларусь,  не имеют ограничений для обращения на территории Республики Беларусь. Насколько нам известно, нет никаких запретов на экспорт этих товаров
','Данный сертификат не является явной или подразумеваемой гарантией для какого-либо товара вышеуказанного производителя и (или) экспортера. Сертификат не должен использоваться для целей рекламы или подобных целей, не является документом по оценке соответствия и не подтверждает происхождение товара из Республики Беларусь.
',1,212,222,42,42,to_date('20-04-2017','DD-MM-YYYY'),'AU',1,null,'RU',2,'Унитарное предприятие по оказанию услуг «Минское отделение Белорусской торгово-промышленной палаты»','220113, Брест, ул. Интернациональная, 50, Республика Беларусь','Фирма 7','5555555, Минск, Голубева, 23','Савушкин Продукт','2201108, Брест, Курчатова, 1, Республика Беларусь','Иванов И.Я.','Иванов И.Я.','эксперт','Австралия');
Insert into FSCERTVIEW (ID,CERTNUMBER,PARENTNUMBER,DATEISSUE,DATEEXPIRY,CONFIRMATION,DECLARATION,ID_BRANCH,ID_EXPORTER,ID_PRODUCER,ID_EXPERT,ID_SIGNER,DATECERT,CODECOUNTRYTARGET,OTD_ID,LISTSCOUNT,LANGUAGE,IDDEPARTMENT,BRANCHNAME,BRANCHADDRESS,EXPORTERNAME,EXPORTERADDRESS,PRODUCERNAME,PRODUCERADDRESS,EXPERTNAME,SIGNERNAME,JOB,COUNTRYNAME) values (61,'BYAV7104100023','BYAV7104100023',to_date('01-04-2017','DD-MM-YYYY'),to_date('31-03-2018','DD-MM-YYYY'),'Referring to the information provided, the undersigned hereby declares that the products listed below are manufactured by Linkor, 220089, Minsk, Sverdlova, 12, Belarus(Линкор, 220089, Минск, Кнорина, 12, Республика Беларусь) and are available for free sale in the Republic of Belarus. To the best of our knowledge, there are no prohibitions against the export of these products.
','This certificate should not be interpreted as a guarantee, explicit or implied for any of the products of the manufacturer and (or) exporter mentioned above. Neither should it be used for advertising or similar purposes. This certificate is not a compliance verification document. This certificate is not a certificate of origin.
',1,242,42,42,42,to_date('06-04-2017','DD-MM-YYYY'),'AT',1,null,'EN',null,'Унитарное предприятие по оказанию услуг «Минское отделение Белорусской торгово-промышленной палаты»','220113, Брест, ул. Интернациональная, 50, Республика Беларусь','Высокий забор','224590, МИнск, Крапоткина, 25, Республика Беларусь','Линкор','220089, Минск, Кнорина, 12, Республика Беларусь','Иванов И.Я.','Иванов И.Я.','эксперт','Австрия');
Insert into FSCERTVIEW (ID,CERTNUMBER,PARENTNUMBER,DATEISSUE,DATEEXPIRY,CONFIRMATION,DECLARATION,ID_BRANCH,ID_EXPORTER,ID_PRODUCER,ID_EXPERT,ID_SIGNER,DATECERT,CODECOUNTRYTARGET,OTD_ID,LISTSCOUNT,LANGUAGE,IDDEPARTMENT,BRANCHNAME,BRANCHADDRESS,EXPORTERNAME,EXPORTERADDRESS,PRODUCERNAME,PRODUCERADDRESS,EXPERTNAME,SIGNERNAME,JOB,COUNTRYNAME) values (82,'BYAT7102677777',null,to_date('05-04-2017','DD-MM-YYYY'),to_date('04-04-2018','DD-MM-YYYY'),null,null,1,178,22,42,42,to_date('07-04-2017','DD-MM-YYYY'),'AT',1,null,'RU',null,'Унитарное предприятие по оказанию услуг «Минское отделение Белорусской торгово-промышленной палаты»','220113, Брест, ул. Интернациональная, 50, Республика Беларусь','Морковная страна','2201108, Минск, Курчатова, 67, Республика Беларусь','Парус','120056, Пинск, Ленина, 12','Иванов И.Я.','Иванов И.Я.','эксперт','Австрия');
Insert into FSCERTVIEW (ID,CERTNUMBER,PARENTNUMBER,DATEISSUE,DATEEXPIRY,CONFIRMATION,DECLARATION,ID_BRANCH,ID_EXPORTER,ID_PRODUCER,ID_EXPERT,ID_SIGNER,DATECERT,CODECOUNTRYTARGET,OTD_ID,LISTSCOUNT,LANGUAGE,IDDEPARTMENT,BRANCHNAME,BRANCHADDRESS,EXPORTERNAME,EXPORTERADDRESS,PRODUCERNAME,PRODUCERADDRESS,EXPERTNAME,SIGNERNAME,JOB,COUNTRYNAME) values (62,'BYLV7102898989','BYAV7104100023',to_date('01-04-2017','DD-MM-YYYY'),to_date('20-04-2018','DD-MM-YYYY'),'Referring to the information provided, the undersigned hereby declares that the products listed below are manufactured by Savushkin Product, 2201108, Brest, Gogolya, 1, Belarus(Савушкин Продукт, 2201108, Брест, Курчатова, 1, Республика Беларусь) and are available for free sale in the Republic of Belarus. To the best of our knowledge, there are no prohibitions against the export of these products.
','This certificate should not be interpreted as a guarantee, explicit or implied for any of the products of the manufacturer and (or) exporter mentioned above. Neither should it be used for advertising or similar purposes. This certificate is not a compliance verification document. This certificate is not a certificate of origin.
',1,222,222,42,42,to_date('06-04-2017','DD-MM-YYYY'),'LV',1,null,'EN',null,'Унитарное предприятие по оказанию услуг «Минское отделение Белорусской торгово-промышленной палаты»','220113, Брест, ул. Интернациональная, 50, Республика Беларусь','Савушкин Продукт','2201108, Брест, Курчатова, 1, Республика Беларусь','Савушкин Продукт','2201108, Брест, Курчатова, 1, Республика Беларусь','Иванов И.Я.','Иванов И.Я.','эксперт','Латвия');
Insert into FSCERTVIEW (ID,CERTNUMBER,PARENTNUMBER,DATEISSUE,DATEEXPIRY,CONFIRMATION,DECLARATION,ID_BRANCH,ID_EXPORTER,ID_PRODUCER,ID_EXPERT,ID_SIGNER,DATECERT,CODECOUNTRYTARGET,OTD_ID,LISTSCOUNT,LANGUAGE,IDDEPARTMENT,BRANCHNAME,BRANCHADDRESS,EXPORTERNAME,EXPORTERADDRESS,PRODUCERNAME,PRODUCERADDRESS,EXPERTNAME,SIGNERNAME,JOB,COUNTRYNAME) values (113,'BY7102010101',null,null,null,null,null,1,null,null,42,42,to_date('20-04-2017','DD-MM-YYYY'),null,0,null,'RU',2,'Унитарное предприятие по оказанию услуг «Минское отделение Белорусской торгово-промышленной палаты»','220113, Брест, ул. Интернациональная, 50, Республика Беларусь',null,null,null,null,'Иванов И.Я.','Иванов И.Я.','эксперт',null);
Insert into FSCERTVIEW (ID,CERTNUMBER,PARENTNUMBER,DATEISSUE,DATEEXPIRY,CONFIRMATION,DECLARATION,ID_BRANCH,ID_EXPORTER,ID_PRODUCER,ID_EXPERT,ID_SIGNER,DATECERT,CODECOUNTRYTARGET,OTD_ID,LISTSCOUNT,LANGUAGE,IDDEPARTMENT,BRANCHNAME,BRANCHADDRESS,EXPORTERNAME,EXPORTERADDRESS,PRODUCERNAME,PRODUCERADDRESS,EXPERTNAME,SIGNERNAME,JOB,COUNTRYNAME) values (112,'BY71022222223334',null,null,null,null,null,1,null,null,42,42,to_date('20-04-2017','DD-MM-YYYY'),null,0,null,'RU',2,'Унитарное предприятие по оказанию услуг «Минское отделение Белорусской торгово-промышленной палаты»','220113, Брест, ул. Интернациональная, 50, Республика Беларусь',null,null,null,null,'Иванов И.Я.','Иванов И.Я.','эксперт',null);
Insert into FSCERTVIEW (ID,CERTNUMBER,PARENTNUMBER,DATEISSUE,DATEEXPIRY,CONFIRMATION,DECLARATION,ID_BRANCH,ID_EXPORTER,ID_PRODUCER,ID_EXPERT,ID_SIGNER,DATECERT,CODECOUNTRYTARGET,OTD_ID,LISTSCOUNT,LANGUAGE,IDDEPARTMENT,BRANCHNAME,BRANCHADDRESS,EXPORTERNAME,EXPORTERADDRESS,PRODUCERNAME,PRODUCERADDRESS,EXPERTNAME,SIGNERNAME,JOB,COUNTRYNAME) values (111,'BY71029800078',null,null,null,null,null,1,null,null,42,42,to_date('20-04-2017','DD-MM-YYYY'),null,0,null,'RU',2,'Унитарное предприятие по оказанию услуг «Минское отделение Белорусской торгово-промышленной палаты»','220113, Брест, ул. Интернациональная, 50, Республика Беларусь',null,null,null,null,'Иванов И.Я.','Иванов И.Я.','эксперт',null);
Insert into FSCERTVIEW (ID,CERTNUMBER,PARENTNUMBER,DATEISSUE,DATEEXPIRY,CONFIRMATION,DECLARATION,ID_BRANCH,ID_EXPORTER,ID_PRODUCER,ID_EXPERT,ID_SIGNER,DATECERT,CODECOUNTRYTARGET,OTD_ID,LISTSCOUNT,LANGUAGE,IDDEPARTMENT,BRANCHNAME,BRANCHADDRESS,EXPORTERNAME,EXPORTERADDRESS,PRODUCERNAME,PRODUCERADDRESS,EXPERTNAME,SIGNERNAME,JOB,COUNTRYNAME) values (110,'BY7102123123123',null,null,null,null,null,1,null,null,42,42,to_date('20-04-2017','DD-MM-YYYY'),null,0,null,'RU',2,'Унитарное предприятие по оказанию услуг «Минское отделение Белорусской торгово-промышленной палаты»','220113, Брест, ул. Интернациональная, 50, Республика Беларусь',null,null,null,null,'Иванов И.Я.','Иванов И.Я.','эксперт',null);
Insert into FSCERTVIEW (ID,CERTNUMBER,PARENTNUMBER,DATEISSUE,DATEEXPIRY,CONFIRMATION,DECLARATION,ID_BRANCH,ID_EXPORTER,ID_PRODUCER,ID_EXPERT,ID_SIGNER,DATECERT,CODECOUNTRYTARGET,OTD_ID,LISTSCOUNT,LANGUAGE,IDDEPARTMENT,BRANCHNAME,BRANCHADDRESS,EXPORTERNAME,EXPORTERADDRESS,PRODUCERNAME,PRODUCERADDRESS,EXPERTNAME,SIGNERNAME,JOB,COUNTRYNAME) values (108,'BY7102',null,null,null,null,null,1,null,null,42,42,to_date('20-04-2017','DD-MM-YYYY'),null,1,null,'RU',2,'Унитарное предприятие по оказанию услуг «Минское отделение Белорусской торгово-промышленной палаты»','220113, Брест, ул. Интернациональная, 50, Республика Беларусь',null,null,null,null,'Иванов И.Я.','Иванов И.Я.','эксперт',null);
Insert into FSCERTVIEW (ID,CERTNUMBER,PARENTNUMBER,DATEISSUE,DATEEXPIRY,CONFIRMATION,DECLARATION,ID_BRANCH,ID_EXPORTER,ID_PRODUCER,ID_EXPERT,ID_SIGNER,DATECERT,CODECOUNTRYTARGET,OTD_ID,LISTSCOUNT,LANGUAGE,IDDEPARTMENT,BRANCHNAME,BRANCHADDRESS,EXPORTERNAME,EXPORTERADDRESS,PRODUCERNAME,PRODUCERADDRESS,EXPERTNAME,SIGNERNAME,JOB,COUNTRYNAME) values (107,'BY71022454545',null,null,null,null,null,1,null,null,42,42,to_date('20-04-2017','DD-MM-YYYY'),null,1,null,'RU',2,'Унитарное предприятие по оказанию услуг «Минское отделение Белорусской торгово-промышленной палаты»','220113, Брест, ул. Интернациональная, 50, Республика Беларусь',null,null,null,null,'Иванов И.Я.','Иванов И.Я.','эксперт',null);
Insert into FSCERTVIEW (ID,CERTNUMBER,PARENTNUMBER,DATEISSUE,DATEEXPIRY,CONFIRMATION,DECLARATION,ID_BRANCH,ID_EXPORTER,ID_PRODUCER,ID_EXPERT,ID_SIGNER,DATECERT,CODECOUNTRYTARGET,OTD_ID,LISTSCOUNT,LANGUAGE,IDDEPARTMENT,BRANCHNAME,BRANCHADDRESS,EXPORTERNAME,EXPORTERADDRESS,PRODUCERNAME,PRODUCERADDRESS,EXPERTNAME,SIGNERNAME,JOB,COUNTRYNAME) values (103,'BY7102111111',null,to_date('01-04-2017','DD-MM-YYYY'),to_date('01-04-2018','DD-MM-YYYY'),null,null,1,null,null,42,42,to_date('20-04-2017','DD-MM-YYYY'),null,1,null,'RU',2,'Унитарное предприятие по оказанию услуг «Минское отделение Белорусской торгово-промышленной палаты»','220113, Брест, ул. Интернациональная, 50, Республика Беларусь',null,null,null,null,'Иванов И.Я.','Иванов И.Я.','эксперт',null);
Insert into FSCERTVIEW (ID,CERTNUMBER,PARENTNUMBER,DATEISSUE,DATEEXPIRY,CONFIRMATION,DECLARATION,ID_BRANCH,ID_EXPORTER,ID_PRODUCER,ID_EXPERT,ID_SIGNER,DATECERT,CODECOUNTRYTARGET,OTD_ID,LISTSCOUNT,LANGUAGE,IDDEPARTMENT,BRANCHNAME,BRANCHADDRESS,EXPORTERNAME,EXPORTERADDRESS,PRODUCERNAME,PRODUCERADDRESS,EXPERTNAME,SIGNERNAME,JOB,COUNTRYNAME) values (102,'BY7102785678',null,null,null,null,null,1,null,null,42,42,to_date('20-04-2017','DD-MM-YYYY'),null,1,null,'RU',2,'Унитарное предприятие по оказанию услуг «Минское отделение Белорусской торгово-промышленной палаты»','220113, Брест, ул. Интернациональная, 50, Республика Беларусь',null,null,null,null,'Иванов И.Я.','Иванов И.Я.','эксперт',null);
Insert into FSCERTVIEW (ID,CERTNUMBER,PARENTNUMBER,DATEISSUE,DATEEXPIRY,CONFIRMATION,DECLARATION,ID_BRANCH,ID_EXPORTER,ID_PRODUCER,ID_EXPERT,ID_SIGNER,DATECERT,CODECOUNTRYTARGET,OTD_ID,LISTSCOUNT,LANGUAGE,IDDEPARTMENT,BRANCHNAME,BRANCHADDRESS,EXPORTERNAME,EXPORTERADDRESS,PRODUCERNAME,PRODUCERADDRESS,EXPERTNAME,SIGNERNAME,JOB,COUNTRYNAME) values (101,'BY710212345678',null,null,null,null,null,1,null,null,42,42,to_date('20-04-2017','DD-MM-YYYY'),null,1,null,'RU',null,'Унитарное предприятие по оказанию услуг «Минское отделение Белорусской торгово-промышленной палаты»','220113, Брест, ул. Интернациональная, 50, Республика Беларусь',null,null,null,null,'Иванов И.Я.','Иванов И.Я.','эксперт',null);
REM INSERTING into EMPLOYEE_VIEW
SET DEFINE OFF;
Insert into EMPLOYEE_VIEW (ID,NAME,JOB,ID_DEPARTMENT,FIRSTNAME,LASTNAME,MIDDLENAME,PHONE,EMAIL,BDAY,ACTIVE,VERSION,DEPARTMENTNAME,OTD_NAME,ID_OTD,DEPARTMENTCODE,CODE_OTD) values (82,'Сысой А.В.','начальник',1,'Александр','Сысой','Влвдимирович',null,null,to_date('09-03-2017','DD-MM-YYYY'),'Y',1,'Администрация','Минское отделение Белорусской торгово-промышленной палаты',1,'01','1');
Insert into EMPLOYEE_VIEW (ID,NAME,JOB,ID_DEPARTMENT,FIRSTNAME,LASTNAME,MIDDLENAME,PHONE,EMAIL,BDAY,ACTIVE,VERSION,DEPARTMENTNAME,OTD_NAME,ID_OTD,DEPARTMENTCODE,CODE_OTD) values (62,'Петров С.Я.','эксперт',2,'Семен','Петров','Янович','1234567','123@tut.by',to_date('07-03-2017','DD-MM-YYYY'),'Y',1,'Бухгалтерия','Минское отделение Белорусской торгово-промышленной палаты',1,'02','1');
Insert into EMPLOYEE_VIEW (ID,NAME,JOB,ID_DEPARTMENT,FIRSTNAME,LASTNAME,MIDDLENAME,PHONE,EMAIL,BDAY,ACTIVE,VERSION,DEPARTMENTNAME,OTD_NAME,ID_OTD,DEPARTMENTCODE,CODE_OTD) values (61,'Карпов И.П.','эксперт',2,'Илья','Карпов','Петрович','1234567','ret@tut.by',null,'Y',1,'Бухгалтерия','Минское отделение Белорусской торгово-промышленной палаты',1,'02','1');
Insert into EMPLOYEE_VIEW (ID,NAME,JOB,ID_DEPARTMENT,FIRSTNAME,LASTNAME,MIDDLENAME,PHONE,EMAIL,BDAY,ACTIVE,VERSION,DEPARTMENTNAME,OTD_NAME,ID_OTD,DEPARTMENTCODE,CODE_OTD) values (42,'Иванов И.Я.','эксперт',2,'Иван','Иванов','Яныч','7654321',null,to_date('01-03-2017','DD-MM-YYYY'),'Y',3,'Бухгалтерия','Минское отделение Белорусской торгово-промышленной палаты',1,'02','1');
Insert into EMPLOYEE_VIEW (ID,NAME,JOB,ID_DEPARTMENT,FIRSTNAME,LASTNAME,MIDDLENAME,PHONE,EMAIL,BDAY,ACTIVE,VERSION,DEPARTMENTNAME,OTD_NAME,ID_OTD,DEPARTMENTCODE,CODE_OTD) values (22,'М.В.Полуян','Начальник отдела экспертизы и сертификации №1',3,'Петр','Полуян',null,'111111',null,null,'Y',2,'Отдел ВЭС','Минское отделение Белорусской торгово-промышленной палаты',1,'03','1');
Insert into EMPLOYEE_VIEW (ID,NAME,JOB,ID_DEPARTMENT,FIRSTNAME,LASTNAME,MIDDLENAME,PHONE,EMAIL,BDAY,ACTIVE,VERSION,DEPARTMENTNAME,OTD_NAME,ID_OTD,DEPARTMENTCODE,CODE_OTD) values (21,'Гришинович И.И.','эксперт',4,'Иван','Гришинович','Иванович','1234567','gri@tut.by',to_date('01-03-2017','DD-MM-YYYY'),'Y',8,'Администрация','Брестское отделение Белорусской торгово-промышленной палаты',2,'01','2');
Insert into EMPLOYEE_VIEW (ID,NAME,JOB,ID_DEPARTMENT,FIRSTNAME,LASTNAME,MIDDLENAME,PHONE,EMAIL,BDAY,ACTIVE,VERSION,DEPARTMENTNAME,OTD_NAME,ID_OTD,DEPARTMENTCODE,CODE_OTD) values (17,'Сидоров В.С.','эксперт',5,'Иван','Сидоров','Семенович','12344','444',to_date('01-03-2017','DD-MM-YYYY'),'Y',2,'Администрация','Витебское отделение Белорусской торгово-промышленной палаты',3,'01','5');
Insert into EMPLOYEE_VIEW (ID,NAME,JOB,ID_DEPARTMENT,FIRSTNAME,LASTNAME,MIDDLENAME,PHONE,EMAIL,BDAY,ACTIVE,VERSION,DEPARTMENTNAME,OTD_NAME,ID_OTD,DEPARTMENTCODE,CODE_OTD) values (18,'М.В.Гуринович','Начальник отдела экспертизы и сертификации №1',7,'Максим','Гуринович','Петрович','2345678',null,to_date('08-03-2017','DD-MM-YYYY'),'Y',3,'ААдминистрация','Гродненское отделение Белорусской торгово-промышленной палаты',5,'01','4');
REM INSERTING into DEPARTMENT_VIEW
SET DEFINE OFF;
Insert into DEPARTMENT_VIEW (ID,ID_PARENT,NAME,CODE,ID_OTD,CODE_OTD) values (3,null,'Отдел ВЭС','03',1,'1');
Insert into DEPARTMENT_VIEW (ID,ID_PARENT,NAME,CODE,ID_OTD,CODE_OTD) values (2,null,'Бухгалтерия','02',1,'1');
Insert into DEPARTMENT_VIEW (ID,ID_PARENT,NAME,CODE,ID_OTD,CODE_OTD) values (1,null,'Администрация','01',1,'1');
Insert into DEPARTMENT_VIEW (ID,ID_PARENT,NAME,CODE,ID_OTD,CODE_OTD) values (10,null,'Представительство в г.Лунинец','03',2,'2');
Insert into DEPARTMENT_VIEW (ID,ID_PARENT,NAME,CODE,ID_OTD,CODE_OTD) values (9,null,'Представительство в г.Береза','02',2,'2');
Insert into DEPARTMENT_VIEW (ID,ID_PARENT,NAME,CODE,ID_OTD,CODE_OTD) values (4,null,'Администрация','01',2,'2');
Insert into DEPARTMENT_VIEW (ID,ID_PARENT,NAME,CODE,ID_OTD,CODE_OTD) values (5,null,'Администрация','01',3,'5');
Insert into DEPARTMENT_VIEW (ID,ID_PARENT,NAME,CODE,ID_OTD,CODE_OTD) values (6,null,'Администрация','01',4,'3');
Insert into DEPARTMENT_VIEW (ID,ID_PARENT,NAME,CODE,ID_OTD,CODE_OTD) values (7,null,'ААдминистрация','01',5,'4');
Insert into DEPARTMENT_VIEW (ID,ID_PARENT,NAME,CODE,ID_OTD,CODE_OTD) values (8,null,'Администрация','01',6,'6');
REM INSERTING into CLIENT_VIEW
SET DEFINE OFF;
Insert into CLIENT_VIEW (ID,NAME,CITY,STREET,CINDEX,OFFICE,BUILDING,PHONE,CELL,FAX,UNP,OKPO,BNAME,BCITY,BSTREET,BINDEX,BOFFICE,BBUILDING,ACCOUNT,BUNP,EMAIL,BEMAIL,CODECOUNTRY,BCODECOUNTRY,ADDRESS,VERSION,LOCKED,COUNTRY,BCOUNTRY) values (25,'Каравелла','МИнск','Гая','220015',null,'45','2 456789','333333',null,'121212333',null,'ПРиорбанк',null,null,null,null,null,'5555555',null,'уууу',null,'AU','BY','220015, МИнск, Гая, 45',11,0,'Австралия','Беларусь');
Insert into CLIENT_VIEW (ID,NAME,CITY,STREET,CINDEX,OFFICE,BUILDING,PHONE,CELL,FAX,UNP,OKPO,BNAME,BCITY,BSTREET,BINDEX,BOFFICE,BBUILDING,ACCOUNT,BUNP,EMAIL,BEMAIL,CODECOUNTRY,BCODECOUNTRY,ADDRESS,VERSION,LOCKED,COUNTRY,BCOUNTRY) values (212,'Фирма 7','Минск','Голубева','5555555',null,'23','234567','29 456777',null,'2333333','33333','Беларусьбанк','Минск','Свердлова','234444','3','24','1253244556643',null,'info@ttt.by',null,'BY',null,'5555555, Минск, Голубева, 23',2,0,'Беларусь',null);
Insert into CLIENT_VIEW (ID,NAME,CITY,STREET,CINDEX,OFFICE,BUILDING,PHONE,CELL,FAX,UNP,OKPO,BNAME,BCITY,BSTREET,BINDEX,BOFFICE,BBUILDING,ACCOUNT,BUNP,EMAIL,BEMAIL,CODECOUNTRY,BCODECOUNTRY,ADDRESS,VERSION,LOCKED,COUNTRY,BCOUNTRY) values (213,'Морковная страна','Минск','Ленина','2201108',null,'1',null,null,null,null,null,null,null,null,null,null,null,null,null,null,null,'BY',null,'2201108, Минск, Ленина, 1',1,0,'Беларусь',null);
Insert into CLIENT_VIEW (ID,NAME,CITY,STREET,CINDEX,OFFICE,BUILDING,PHONE,CELL,FAX,UNP,OKPO,BNAME,BCITY,BSTREET,BINDEX,BOFFICE,BBUILDING,ACCOUNT,BUNP,EMAIL,BEMAIL,CODECOUNTRY,BCODECOUNTRY,ADDRESS,VERSION,LOCKED,COUNTRY,BCOUNTRY) values (222,'Савушкин Продукт','Брест','Курчатова','2201108',null,'1',null,null,null,null,null,null,null,null,null,null,null,null,null,null,null,'BY',null,'2201108, Брест, Курчатова, 1, Республика Беларусь',1,0,'Беларусь',null);
Insert into CLIENT_VIEW (ID,NAME,CITY,STREET,CINDEX,OFFICE,BUILDING,PHONE,CELL,FAX,UNP,OKPO,BNAME,BCITY,BSTREET,BINDEX,BOFFICE,BBUILDING,ACCOUNT,BUNP,EMAIL,BEMAIL,CODECOUNTRY,BCODECOUNTRY,ADDRESS,VERSION,LOCKED,COUNTRY,BCOUNTRY) values (223,'Солнечный круг','Брест','Курчатова','2201108',null,'1',null,null,null,null,null,null,null,null,null,null,null,null,null,null,null,'BY',null,'2201108, Брест, Курчатова, 1',1,0,'Беларусь',null);
Insert into CLIENT_VIEW (ID,NAME,CITY,STREET,CINDEX,OFFICE,BUILDING,PHONE,CELL,FAX,UNP,OKPO,BNAME,BCITY,BSTREET,BINDEX,BOFFICE,BBUILDING,ACCOUNT,BUNP,EMAIL,BEMAIL,CODECOUNTRY,BCODECOUNTRY,ADDRESS,VERSION,LOCKED,COUNTRY,BCOUNTRY) values (177,'Рога и копыта','Минск','Семенова','2201108',null,'1',null,null,null,null,null,null,null,null,null,null,null,null,null,null,null,'BY',null,'2201108, Минск, Семенова, 1',2,0,'Беларусь',null);
Insert into CLIENT_VIEW (ID,NAME,CITY,STREET,CINDEX,OFFICE,BUILDING,PHONE,CELL,FAX,UNP,OKPO,BNAME,BCITY,BSTREET,BINDEX,BOFFICE,BBUILDING,ACCOUNT,BUNP,EMAIL,BEMAIL,CODECOUNTRY,BCODECOUNTRY,ADDRESS,VERSION,LOCKED,COUNTRY,BCOUNTRY) values (178,'Морковная страна','Минск','Курчатова','2201108',null,'67',null,null,null,null,null,null,null,null,null,null,null,null,null,null,null,'BY',null,'2201108, Минск, Курчатова, 67, Республика Беларусь',4,0,'Беларусь',null);
Insert into CLIENT_VIEW (ID,NAME,CITY,STREET,CINDEX,OFFICE,BUILDING,PHONE,CELL,FAX,UNP,OKPO,BNAME,BCITY,BSTREET,BINDEX,BOFFICE,BBUILDING,ACCOUNT,BUNP,EMAIL,BEMAIL,CODECOUNTRY,BCODECOUNTRY,ADDRESS,VERSION,LOCKED,COUNTRY,BCOUNTRY) values (262,'Спартак',null,null,null,null,null,'1234567','7654321',null,'1234567891234',null,null,null,null,null,null,null,null,null,'123@tut.by',null,'BY',null,'Республика Беларусь',0,0,'Беларусь',null);
Insert into CLIENT_VIEW (ID,NAME,CITY,STREET,CINDEX,OFFICE,BUILDING,PHONE,CELL,FAX,UNP,OKPO,BNAME,BCITY,BSTREET,BINDEX,BOFFICE,BBUILDING,ACCOUNT,BUNP,EMAIL,BEMAIL,CODECOUNTRY,BCODECOUNTRY,ADDRESS,VERSION,LOCKED,COUNTRY,BCOUNTRY) values (263,'Спартак',null,null,null,null,null,'1234567','7654321',null,'1234567891234',null,null,null,null,null,null,null,null,null,'123@tut.by',null,'BY',null,'Республика Беларусь',0,0,'Беларусь',null);
Insert into CLIENT_VIEW (ID,NAME,CITY,STREET,CINDEX,OFFICE,BUILDING,PHONE,CELL,FAX,UNP,OKPO,BNAME,BCITY,BSTREET,BINDEX,BOFFICE,BBUILDING,ACCOUNT,BUNP,EMAIL,BEMAIL,CODECOUNTRY,BCODECOUNTRY,ADDRESS,VERSION,LOCKED,COUNTRY,BCOUNTRY) values (264,'Коммунарка',null,null,null,null,null,'1234567',null,null,'1234567890123',null,null,null,null,null,null,null,null,null,null,null,'BY',null,'Республика Беларусь',0,0,'Беларусь',null);
Insert into CLIENT_VIEW (ID,NAME,CITY,STREET,CINDEX,OFFICE,BUILDING,PHONE,CELL,FAX,UNP,OKPO,BNAME,BCITY,BSTREET,BINDEX,BOFFICE,BBUILDING,ACCOUNT,BUNP,EMAIL,BEMAIL,CODECOUNTRY,BCODECOUNTRY,ADDRESS,VERSION,LOCKED,COUNTRY,BCOUNTRY) values (243,'ООО Высокий берег','Минск','Крапоткина','228977',null,'23','123456','6783345',null,'fff','fff',null,null,null,null,null,null,null,null,null,null,'BY',null,'228977, Минск, Крапоткина, 23',1,0,'Беларусь',null);
Insert into CLIENT_VIEW (ID,NAME,CITY,STREET,CINDEX,OFFICE,BUILDING,PHONE,CELL,FAX,UNP,OKPO,BNAME,BCITY,BSTREET,BINDEX,BOFFICE,BBUILDING,ACCOUNT,BUNP,EMAIL,BEMAIL,CODECOUNTRY,BCODECOUNTRY,ADDRESS,VERSION,LOCKED,COUNTRY,BCOUNTRY) values (244,'Проверка','Минск','Серова','2289367','12','45','1 23 456',null,null,'72647190','23456',null,null,null,null,null,null,'11111',null,null,null,'BY',null,'2289367, Минск, Серова, 45',1,0,'Беларусь',null);
Insert into CLIENT_VIEW (ID,NAME,CITY,STREET,CINDEX,OFFICE,BUILDING,PHONE,CELL,FAX,UNP,OKPO,BNAME,BCITY,BSTREET,BINDEX,BOFFICE,BBUILDING,ACCOUNT,BUNP,EMAIL,BEMAIL,CODECOUNTRY,BCODECOUNTRY,ADDRESS,VERSION,LOCKED,COUNTRY,BCOUNTRY) values (43,'Простор','Минск','Радужная','221122',null,'12','1234567',null,null,'12345678',null,'Беларусбанк',null,null,null,null,null,'1111222222',null,null,null,'BY','BE','221122, Минск, Радужная, 12',0,0,'Беларусь','Бельгия');
Insert into CLIENT_VIEW (ID,NAME,CITY,STREET,CINDEX,OFFICE,BUILDING,PHONE,CELL,FAX,UNP,OKPO,BNAME,BCITY,BSTREET,BINDEX,BOFFICE,BBUILDING,ACCOUNT,BUNP,EMAIL,BEMAIL,CODECOUNTRY,BCODECOUNTRY,ADDRESS,VERSION,LOCKED,COUNTRY,BCOUNTRY) values (24,'Ураган','Минск','Победы','226789',null,'78','2 34 56 12',null,null,'123456789',null,'ПРиорбанк',null,null,null,null,null,'1234566778890',null,'eee@rrr.by',null,'BY','BY','226789, Минск, Победы, 78',0,0,'Беларусь','Беларусь');
Insert into CLIENT_VIEW (ID,NAME,CITY,STREET,CINDEX,OFFICE,BUILDING,PHONE,CELL,FAX,UNP,OKPO,BNAME,BCITY,BSTREET,BINDEX,BOFFICE,BBUILDING,ACCOUNT,BUNP,EMAIL,BEMAIL,CODECOUNTRY,BCODECOUNTRY,ADDRESS,VERSION,LOCKED,COUNTRY,BCOUNTRY) values (42,'Линкор','Минск','Кнорина','220089','34','12',null,null,null,'123456789',null,'БПС',null,null,null,null,null,null,null,null,null,'BY','BY','220089, Минск, Кнорина, 12, Республика Беларусь',3,0,'Беларусь','Беларусь');
Insert into CLIENT_VIEW (ID,NAME,CITY,STREET,CINDEX,OFFICE,BUILDING,PHONE,CELL,FAX,UNP,OKPO,BNAME,BCITY,BSTREET,BINDEX,BOFFICE,BBUILDING,ACCOUNT,BUNP,EMAIL,BEMAIL,CODECOUNTRY,BCODECOUNTRY,ADDRESS,VERSION,LOCKED,COUNTRY,BCOUNTRY) values (62,'Ветер','Минск','Народная','111117','77','56','22222','33333',null,'234567','1111111111','88','7777','рннн','555','888','66','77',null,'444444',null,'BY','AF','111117, Минск, Народная, 56, Республика Беларусь',27,0,'Беларусь','Афганистан');
Insert into CLIENT_VIEW (ID,NAME,CITY,STREET,CINDEX,OFFICE,BUILDING,PHONE,CELL,FAX,UNP,OKPO,BNAME,BCITY,BSTREET,BINDEX,BOFFICE,BBUILDING,ACCOUNT,BUNP,EMAIL,BEMAIL,CODECOUNTRY,BCODECOUNTRY,ADDRESS,VERSION,LOCKED,COUNTRY,BCOUNTRY) values (242,'Высокий забор','МИнск','Крапоткина','224590','34','25','76543232','7654321',null,'123456','123456','ttt','ttt',null,'ttt',null,null,'ttt',null,null,null,'BY','AW','224590, МИнск, Крапоткина, 25, Республика Беларусь',9,0,'Беларусь','Аруба');
Insert into CLIENT_VIEW (ID,NAME,CITY,STREET,CINDEX,OFFICE,BUILDING,PHONE,CELL,FAX,UNP,OKPO,BNAME,BCITY,BSTREET,BINDEX,BOFFICE,BBUILDING,ACCOUNT,BUNP,EMAIL,BEMAIL,CODECOUNTRY,BCODECOUNTRY,ADDRESS,VERSION,LOCKED,COUNTRY,BCOUNTRY) values (22,'Парус','Пинск','Ленина','120056',null,'12',null,null,null,'123456','1111111','ПРиорбанк',null,null,null,null,null,null,null,null,null,'BY','AU','120056, Пинск, Ленина, 12',0,0,'Беларусь','Австралия');
Insert into CLIENT_VIEW (ID,NAME,CITY,STREET,CINDEX,OFFICE,BUILDING,PHONE,CELL,FAX,UNP,OKPO,BNAME,BCITY,BSTREET,BINDEX,BOFFICE,BBUILDING,ACCOUNT,BUNP,EMAIL,BEMAIL,CODECOUNTRY,BCODECOUNTRY,ADDRESS,VERSION,LOCKED,COUNTRY,BCOUNTRY) values (23,'Новый Ветер','Пинск','Солтыса','220056','44','67','234556','66666',null,'6543218888','hhhh','Беларусьбанк','МИнск','Семенова','2222',null,null,'11111',null,'veter@tut.by',null,'BY','AU','220056, Пинск, Солтыса, 67',17,0,'Беларусь','Австралия');
--------------------------------------------------------
--  DDL for Index CCI_CLIENT_PK
--------------------------------------------------------

  CREATE UNIQUE INDEX "CCI_CLIENT_PK" ON "CCI_CLIENT" ("ID")
--------------------------------------------------------
--  DDL for Index CCI_DEPARTMENT_PK
--------------------------------------------------------

  CREATE UNIQUE INDEX "CCI_DEPARTMENT_PK" ON "CCI_DEPARTMENT" ("ID")
--------------------------------------------------------
--  DDL for Index CCI_EMPLOYEE_PK
--------------------------------------------------------

  CREATE UNIQUE INDEX "CCI_EMPLOYEE_PK" ON "CCI_EMPLOYEE" ("ID")
--------------------------------------------------------
--  DDL for Index FS_BLANK_PK
--------------------------------------------------------

  CREATE UNIQUE INDEX "FS_BLANK_PK" ON "FS_BLANK" ("ID")
--------------------------------------------------------
--  DDL for Index FS_BLANK_DENORM_PK
--------------------------------------------------------

  CREATE UNIQUE INDEX "FS_BLANK_DENORM_PK" ON "FS_BLANK_DENORM" ("ID_FSCERT")
--------------------------------------------------------
--  DDL for Index FS_BRANCH_NAME
--------------------------------------------------------

  CREATE INDEX "FS_BRANCH_NAME" ON "FS_BRANCH" ("NAME")
--------------------------------------------------------
--  DDL for Index FS_BRANCH_LINE
--------------------------------------------------------

  CREATE INDEX "FS_BRANCH_LINE" ON "FS_BRANCH" ("STREET")
--------------------------------------------------------
--  DDL for Index FS_BRANCH_OFFICE
--------------------------------------------------------

  CREATE INDEX "FS_BRANCH_OFFICE" ON "FS_BRANCH" ("OFFICE")
--------------------------------------------------------
--  DDL for Index FS_BRANCH_INDEX
--------------------------------------------------------

  CREATE INDEX "FS_BRANCH_INDEX" ON "FS_BRANCH" ("CINDEX")
--------------------------------------------------------
--  DDL for Index FS_BRANCH_BUILDING
--------------------------------------------------------

  CREATE INDEX "FS_BRANCH_BUILDING" ON "FS_BRANCH" ("BUILDING")
--------------------------------------------------------
--  DDL for Index FS_BRANCH_PK
--------------------------------------------------------

  CREATE UNIQUE INDEX "FS_BRANCH_PK" ON "FS_BRANCH" ("ID")
--------------------------------------------------------
--  DDL for Index FS_CERT_NUMBER
--------------------------------------------------------

  CREATE UNIQUE INDEX "FS_CERT_NUMBER" ON "FS_CERT" ("CERTNUMBER")
--------------------------------------------------------
--  DDL for Index FS_CERT_PK
--------------------------------------------------------

  CREATE UNIQUE INDEX "FS_CERT_PK" ON "FS_CERT" ("ID")
--------------------------------------------------------
--  DDL for Index FS_PRODUCT_PK
--------------------------------------------------------

  CREATE UNIQUE INDEX "FS_PRODUCT_PK" ON "FS_PRODUCT" ("ID")
--------------------------------------------------------
--  DDL for Index INDEX_TOVAR_CONTENT
--------------------------------------------------------

  CREATE INDEX "INDEX_TOVAR_CONTENT" ON "FS_PRODUCT" ("TOVAR")  INDEXTYPE IS "CTXSYS"."CONTEXT"
--------------------------------------------------------
--  DDL for Index FS_PRODUCT_DENORM_PK
--------------------------------------------------------

  CREATE UNIQUE INDEX "FS_PRODUCT_DENORM_PK" ON "FS_PRODUCT_DENORM" ("ID_FSCERT")
--------------------------------------------------------
--  DDL for Index FS_TEMPLATE_PK
--------------------------------------------------------

  CREATE UNIQUE INDEX "FS_TEMPLATE_PK" ON "FS_TEMPLATE" ("ID")
--------------------------------------------------------
--  Constraints for Table CCI_CLIENT
--------------------------------------------------------

  ALTER TABLE "CCI_CLIENT" MODIFY ("ID" NOT NULL ENABLE)
  ALTER TABLE "CCI_CLIENT" MODIFY ("NAME" NOT NULL ENABLE)
  ALTER TABLE "CCI_CLIENT" ADD CONSTRAINT "CCI_CLIENT_PK" PRIMARY KEY ("ID") USING INDEX  ENABLE
--------------------------------------------------------
--  Constraints for Table CCI_DEPARTMENT
--------------------------------------------------------

  ALTER TABLE "CCI_DEPARTMENT" MODIFY ("ID" NOT NULL ENABLE)
  ALTER TABLE "CCI_DEPARTMENT" ADD CONSTRAINT "CCI_DEPARTMENT_PK" PRIMARY KEY ("ID") USING INDEX  ENABLE
--------------------------------------------------------
--  Constraints for Table CCI_EMPLOYEE
--------------------------------------------------------

  ALTER TABLE "CCI_EMPLOYEE" MODIFY ("ID" NOT NULL ENABLE)
  ALTER TABLE "CCI_EMPLOYEE" ADD CONSTRAINT "CCI_EMPLOYEE_PK" PRIMARY KEY ("ID") USING INDEX  ENABLE
  ALTER TABLE "CCI_EMPLOYEE" MODIFY ("JOB" NOT NULL ENABLE)
  ALTER TABLE "CCI_EMPLOYEE" MODIFY ("VERSION" NOT NULL ENABLE)
--------------------------------------------------------
--  Constraints for Table FS_BLANK
--------------------------------------------------------

  ALTER TABLE "FS_BLANK" MODIFY ("ID" NOT NULL ENABLE)
  ALTER TABLE "FS_BLANK" MODIFY ("PAGE" NOT NULL ENABLE)
  ALTER TABLE "FS_BLANK" ADD CONSTRAINT "FS_BLANK_PK" PRIMARY KEY ("ID") USING INDEX  ENABLE
--------------------------------------------------------
--  Constraints for Table FS_BLANK_DENORM
--------------------------------------------------------

  ALTER TABLE "FS_BLANK_DENORM" MODIFY ("ID_FSCERT" NOT NULL ENABLE)
  ALTER TABLE "FS_BLANK_DENORM" ADD CONSTRAINT "FS_BLANK_DENORM_PK" PRIMARY KEY ("ID_FSCERT") USING INDEX  ENABLE
--------------------------------------------------------
--  Constraints for Table FS_BRANCH
--------------------------------------------------------

  ALTER TABLE "FS_BRANCH" MODIFY ("ID" NOT NULL ENABLE)
  ALTER TABLE "FS_BRANCH" ADD CONSTRAINT "FS_BRANCH_PK" PRIMARY KEY ("ID") USING INDEX  ENABLE
--------------------------------------------------------
--  Constraints for Table FS_CERT
--------------------------------------------------------

  ALTER TABLE "FS_CERT" MODIFY ("ID" NOT NULL ENABLE)
  ALTER TABLE "FS_CERT" MODIFY ("CERTNUMBER" NOT NULL ENABLE)
  ALTER TABLE "FS_CERT" ADD CONSTRAINT "FS_CERT_PK" PRIMARY KEY ("ID") USING INDEX  ENABLE
--------------------------------------------------------
--  Constraints for Table FS_PRODUCT
--------------------------------------------------------

  ALTER TABLE "FS_PRODUCT" MODIFY ("ID" NOT NULL ENABLE)
  ALTER TABLE "FS_PRODUCT" ADD CONSTRAINT "FS_PRODUCT_PK" PRIMARY KEY ("ID") USING INDEX  ENABLE
--------------------------------------------------------
--  Constraints for Table FS_PRODUCT_DENORM
--------------------------------------------------------

  ALTER TABLE "FS_PRODUCT_DENORM" MODIFY ("ID_FSCERT" NOT NULL ENABLE)
  ALTER TABLE "FS_PRODUCT_DENORM" ADD CONSTRAINT "FS_PRODUCT_DENORM_PK" PRIMARY KEY ("ID_FSCERT") USING INDEX  ENABLE
--------------------------------------------------------
--  Constraints for Table FS_TEMPLATE
--------------------------------------------------------

  ALTER TABLE "FS_TEMPLATE" MODIFY ("ID" NOT NULL ENABLE)
  ALTER TABLE "FS_TEMPLATE" ADD CONSTRAINT "FS_TEMPLATE_PK" PRIMARY KEY ("ID") USING INDEX  ENABLE
--------------------------------------------------------
--  Constraints for Table FS_TEMPLATE_LOCALE
--------------------------------------------------------

  ALTER TABLE "FS_TEMPLATE_LOCALE" MODIFY ("LOCALE" NOT NULL ENABLE)
--------------------------------------------------------
--  Ref Constraints for Table FS_BLANK
--------------------------------------------------------

  ALTER TABLE "FS_BLANK" ADD CONSTRAINT "FS_BLANK_FK1" FOREIGN KEY ("ID_FSCERT") REFERENCES "FS_CERT" ("ID") ENABLE
--------------------------------------------------------
--  Ref Constraints for Table FS_CERT
--------------------------------------------------------

  ALTER TABLE "FS_CERT" ADD CONSTRAINT "FS_CERT_FK_BRANCH" FOREIGN KEY ("ID_BRANCH") REFERENCES "FS_BRANCH" ("ID") ENABLE
  ALTER TABLE "FS_CERT" ADD CONSTRAINT "FS_CERT_FK_EXPERT" FOREIGN KEY ("ID_EXPERT") REFERENCES "CCI_EMPLOYEE" ("ID") ENABLE
  ALTER TABLE "FS_CERT" ADD CONSTRAINT "FS_CERT_FK_EXPORTER" FOREIGN KEY ("ID_EXPORTER") REFERENCES "CCI_CLIENT" ("ID") ENABLE
  ALTER TABLE "FS_CERT" ADD CONSTRAINT "FS_CERT_FK_PRODUCER" FOREIGN KEY ("ID_PRODUCER") REFERENCES "CCI_CLIENT" ("ID") ENABLE
  ALTER TABLE "FS_CERT" ADD CONSTRAINT "FS_CERT_FK_SINGER" FOREIGN KEY ("ID_SIGNER") REFERENCES "CCI_EMPLOYEE" ("ID") ENABLE
--------------------------------------------------------
--  Ref Constraints for Table FS_PRODUCT
--------------------------------------------------------

  ALTER TABLE "FS_PRODUCT" ADD CONSTRAINT "FS_PRODUCT_FK_FSCERT" FOREIGN KEY ("ID_FSCERT") REFERENCES "FS_CERT" ("ID") ENABLE
--------------------------------------------------------
--  DDL for Trigger TRIGGER_FS_BLANK_DENORM
--------------------------------------------------------

  CREATE OR REPLACE EDITIONABLE TRIGGER "TRIGGER_FS_BLANK_DENORM" 
AFTER DELETE ON FS_BLANK 
for each row
BEGIN
  delete from fs_blank_denorm where id_fscert = :old.id_fscert;
END;
ALTER TRIGGER "TRIGGER_FS_BLANK_DENORM" ENABLE
--------------------------------------------------------
--  DDL for Trigger TRIGGER_FS_PRODUCT_DELETE
--------------------------------------------------------

  CREATE OR REPLACE EDITIONABLE TRIGGER "TRIGGER_FS_PRODUCT_DELETE" 
AFTER DELETE ON FS_PRODUCT 
FOR EACH ROW
BEGIN
 delete from FS_PRODUCT_DENORM where id_fscert = :old.id_fscert;
END;
ALTER TRIGGER "TRIGGER_FS_PRODUCT_DELETE" ENABLE
